{"stats":{"minecraft:used":{"minecraft:baked_potato":9,"minecraft:shield":14,"minecraft:wooden_pickaxe":12,"minecraft:cherry_planks":7,"ancient_elements:iron_hammer":51,"minecraft:torch":2,"minecraft:crafting_table":2,"minecraft:red_bed":1,"minecraft:white_bed":1,"ancient_elements:stone_hammer":25,"minecraft:wooden_axe":2,"minecraft:iron_axe":4,"minecraft:stone_axe":5,"minecraft:cobblestone":24,"alexsmobs:animal_dictionary":1},"minecraft:custom":{"minecraft:interact_with_furnace":17,"minecraft:mob_kills":20,"minecraft:interact_with_crafting_table":12,"minecraft:open_barrel":6,"minecraft:damage_dealt_resisted":973,"minecraft:leave_game":1,"minecraft:time_since_death":1561,"minecraft:sleep_in_bed":3,"minecraft:climb_one_cm":386,"minecraft:time_since_rest":1177,"minecraft:sprint_one_cm":103212,"minecraft:damage_taken":2250,"minecraft:walk_one_cm":305399,"minecraft:damage_blocked_by_shield":871,"minecraft:drop":1,"minecraft:damage_dealt":3183,"minecraft:fly_one_cm":105136,"minecraft:open_chest":7,"minecraft:crouch_one_cm":509,"minecraft:play_time":78238,"minecraft:deaths":7,"minecraft:sneak_time":358,"minecraft:walk_under_water_one_cm":678,"minecraft:jump":918,"minecraft:interact_with_blast_furnace":1,"minecraft:walk_on_water_one_cm":1987,"minecraft:total_world_time":78238,"minecraft:fall_one_cm":17689},"minecraft:dropped":{"minecraft:baked_potato":11},"minecraft:killed":{"minecraft:pig":3,"crittersandcompanions:ferret":1,"alexsmobs:raccoon":1,"minecraft:spider":1,"enemyexpansion:equestrian":1,"alexsmobs:snow_leopard":2,"minecraft:zombie":2,"quark:shiba":2,"alexsmobs:crow":1,"minecraft:cow":5},"minecraft:mined":{"create:zinc_ore":4,"minecraft:white_bed":1,"minecraft:cherry_planks":5,"minecraft:red_bed":1,"minecraft:cherry_log":2,"minecraft:dark_oak_log":7,"minecraft:dandelion":1,"gravestone:gravestone":7,"minecraft:crafting_table":2,"minecraft:blast_furnace":1,"minecraft:emerald_ore":1,"minecraft:chest":1,"minecraft:coal_block":1,"minecraft:tall_grass":4,"minecraft:cobblestone":3,"candlelight:rose":1,"minecraft:polished_blackstone_bricks":1,"minecraft:raw_iron_block":1,"minecraft:iron_ore":1,"meadow:fire_lily":2,"minecraft:grass":10,"minecraft:coal_ore":4,"minecraft:stone":14},"minecraft:picked_up":{"minecraft:crafting_table":2,"minecraft:cherry_planks":5,"minecraft:leather":3,"minecraft:stone_slab":4,"minecraft:gold_block":2,"create:raw_zinc":14,"meadow:fire_lily":1,"pizzacraft:broccoli_seeds":1,"minecraft:string":6,"minecraft:red_bed":1,"minecraft:lantern":3,"minecraft:wheat_seeds":1,"minecraft:beef":12,"minecraft:cobblestone_slab":1,"minecraft:coal_block":1,"minecraft:chest":1,"pizzacraft:corn":1,"minecraft:stick":1,"minecraft:raw_iron":6,"minecraft:raw_iron_block":2,"minecraft:porkchop":8,"minecraft:polished_blackstone_bricks":1,"minecraft:cherry_log":2,"minecraft:spruce_sapling":4,"minecraft:blast_furnace":1,"minecraft:white_bed":1,"minecraft:spruce_log":10,"minecraft:dark_oak_log":8,"minecraft:rotten_flesh":2,"minecraft:deepslate_bricks":3,"minecraft:spruce_sign":11,"minecraft:emerald":1,"minecraft:baked_potato":11,"minecraft:deepslate_brick_stairs":2,"minecraft:coal":20,"minecraft:cobblestone":60},"minecraft:crafted":{"minecraft:cherry_planks":8,"minecraft:crafting_table":1,"minecraft:wooden_pickaxe":1,"minecraft:baked_potato":16,"minecraft:stone_axe":1,"minecraft:iron_boots":1,"minecraft:iron_chestplate":1,"minecraft:shield":1,"minecraft:iron_axe":1,"minecraft:stick":32,"minecraft:iron_ingot":24,"minecraft:wooden_axe":1,"minecraft:iron_block":2,"minecraft:iron_leggings":1,"ancient_elements:iron_hammer":1,"ancient_elements:stone_hammer":1,"minecraft:dark_oak_planks":32,"minecraft:torch":84},"minecraft:killed_by":{"minecraft:skeleton":1,"alexsmobs:snow_leopard":2,"enemyexpansion:direwolf":1,"enemyexpansion:equestrian":1,"royalvariations:royal_zombie":1,"undead_revamp2:thebeartamer":1}},"DataVersion":3465}