{"stats":{"minecraft:crafted":{"minecraft:cooked_beef":12,"minecraft:cherry_planks":8,"sophisticatedbackpacks:backpack":1,"bakery:sandwich":15,"minecraft:cooked_porkchop":11,"minecraft:crafting_table":1,"minecraft:wooden_pickaxe":1,"minecraft:baked_potato":16,"minecraft:stone_axe":1,"minecraft:iron_boots":1,"minecraft:iron_chestplate":1,"minecraft:shield":1,"minecraft:iron_axe":1,"minecraft:stick":32,"minecraft:iron_ingot":24,"minecraft:wooden_axe":1,"minecraft:iron_block":2,"minecraft:iron_leggings":1,"ancient_elements:iron_hammer":1,"ancient_elements:stone_hammer":1,"minecraft:dark_oak_planks":32,"minecraft:torch":84,"create:zinc_ingot":2},"minecraft:custom":{"minecraft:interact_with_furnace":31,"minecraft:mob_kills":35,"minecraft:interact_with_crafting_table":20,"minecraft:open_barrel":6,"minecraft:damage_dealt_resisted":973,"minecraft:leave_game":2,"minecraft:time_since_death":121845,"minecraft:sleep_in_bed":8,"minecraft:climb_one_cm":1672,"minecraft:time_since_rest":8901,"minecraft:sprint_one_cm":183489,"minecraft:damage_taken":3063,"minecraft:walk_one_cm":566820,"minecraft:damage_blocked_by_shield":2551,"minecraft:drop":2,"minecraft:damage_dealt":5451,"minecraft:talked_to_villager":1,"minecraft:swim_one_cm":8780,"minecraft:fly_one_cm":173110,"minecraft:open_chest":8,"minecraft:crouch_one_cm":559,"minecraft:play_time":198522,"minecraft:sneak_time":458,"minecraft:deaths":7,"minecraft:walk_under_water_one_cm":11318,"minecraft:jump":1799,"minecraft:interact_with_blast_furnace":3,"minecraft:walk_on_water_one_cm":11661,"minecraft:total_world_time":198522,"minecraft:fall_one_cm":31089},"minecraft:killed_by":{"minecraft:skeleton":1,"alexsmobs:snow_leopard":2,"enemyexpansion:direwolf":1,"enemyexpansion:equestrian":1,"royalvariations:royal_zombie":1,"undead_revamp2:thebeartamer":1},"minecraft:picked_up":{"ancient_elements:raw_titanium":8,"minecraft:crafting_table":2,"minecraft:feather":2,"minecraft:chicken":2,"minecraft:cherry_planks":5,"minecraft:lead":2,"minecraft:leather_leggings":1,"minecraft:leather":6,"minecraft:stone_slab":4,"minecraft:gold_block":2,"minecraft:tuff":2,"create:raw_zinc":14,"meadow:fire_lily":1,"pizzacraft:broccoli_seeds":1,"minecraft:string":6,"minecraft:red_bed":1,"minecraft:lantern":3,"minecraft:raw_copper":5,"create:limestone":4,"gobber2:gobber2_gooey_beef":2,"minecraft:wheat_seeds":3,"wandering_bags:out_of_them_disc":1,"minecraft:beef":12,"farmersdelight:straw":1,"minecraft:cobblestone_slab":1,"meadow:cobbled_limestone":48,"minecraft:coal_block":1,"minecraft:chest":1,"crittersandcompanions:clam":1,"gobber2:gobber2_gooey_bread":1,"pizzacraft:corn":1,"minecraft:dark_oak_sapling":3,"minecraft:stick":8,"minecraft:raw_iron":6,"minecraft:torch":4,"minecraft:raw_iron_block":2,"minecraft:porkchop":10,"minecraft:polished_blackstone_bricks":1,"minecraft:cherry_log":2,"minecraft:spruce_sapling":4,"minecraft:blast_furnace":1,"minecraft:white_bed":1,"minecraft:spruce_log":10,"farmersdelight:ham":1,"minecraft:dark_oak_log":33,"create:zinc_ingot":14,"create:crimsite":49,"minecraft:rotten_flesh":7,"born_in_chaos_v1:fire_dust":2,"minecraft:deepslate_bricks":3,"minecraft:spruce_sign":11,"minecraft:bread":2,"minecraft:emerald":1,"wandering_bags:wandering_bag":1,"minecraft:baked_potato":11,"minecraft:deepslate_brick_stairs":2,"minecraft:bricks":3,"minecraft:coal":63,"gobber2:gobber2_goo":2,"minecraft:cobblestone":94},"minecraft:dropped":{"minecraft:iron_ingot":1,"minecraft:baked_potato":11},"minecraft:mined":{"create:zinc_ore":4,"minecraft:white_bed":1,"minecraft:light_gray_stained_glass_pane":2,"minecraft:cherry_planks":5,"minecraft:red_bed":1,"minecraft:cherry_log":2,"minecraft:dark_oak_log":7,"minecraft:dandelion":1,"minecraft:torch":3,"minecraft:crafting_table":2,"gravestone:gravestone":7,"minecraft:blast_furnace":1,"minecraft:emerald_ore":2,"minecraft:chest":1,"gobber2:gobber2_lucky_block":2,"minecraft:coal_block":1,"minecraft:tall_grass":4,"minecraft:cobblestone":3,"minecraft:wall_torch":1,"candlelight:rose":1,"minecraft:polished_blackstone_bricks":1,"minecraft:raw_iron_block":1,"minecraft:iron_ore":1,"meadow:fire_lily":2,"meadow:limestone":4,"minecraft:grass":13,"minecraft:coal_ore":12,"minecraft:dark_oak_sapling":1,"minecraft:stone":18,"create:crimsite":8,"minecraft:fern":1},"minecraft:used":{"minecraft:baked_potato":16,"minecraft:wooden_pickaxe":12,"minecraft:shield":31,"minecraft:cherry_planks":7,"ancient_elements:iron_hammer":126,"minecraft:torch":40,"bakery:sandwich":4,"minecraft:crafting_table":2,"minecraft:red_bed":1,"minecraft:blast_furnace":1,"minecraft:white_bed":1,"meadow:cobbled_limestone":9,"ancient_elements:stone_hammer":25,"minecraft:wooden_axe":2,"minecraft:iron_axe":6,"minecraft:stone_axe":5,"minecraft:cobblestone":56,"minecraft:cooked_porkchop":2,"alexsmobs:animal_dictionary":1},"minecraft:killed":{"minecraft:pig":4,"minecraft:zombie_villager":1,"crittersandcompanions:ferret":1,"alexsmobs:raccoon":1,"enemyexpansion:equestrian":1,"minecraft:spider":1,"alexsmobs:snow_leopard":2,"undead_revamp2:thesmoker":1,"minecraft:wandering_trader":1,"minecraft:trader_llama":2,"minecraft:zombie":2,"quark:shiba":2,"minecraft:chicken":2,"enemyexpansion:botfly":1,"alexsmobs:crow":1,"minecraft:drowned":2,"luminousworld:dark_oak_zombie":1,"born_in_chaos_v1:firelight_not_despawn":2,"undead_revamp2:sucker":1,"minecraft:cow":5}},"DataVersion":3465}