{"stats":{"minecraft:used":{"minecraft:wooden_pickaxe":12,"minecraft:crafting_table":2,"minecraft:red_bed":1,"minecraft:white_bed":1,"ancient_elements:stone_hammer":25,"minecraft:wooden_axe":2,"minecraft:stone_axe":5,"minecraft:cobblestone":14,"alexsmobs:animal_dictionary":1},"minecraft:custom":{"minecraft:interact_with_furnace":17,"minecraft:mob_kills":3,"minecraft:interact_with_crafting_table":12,"minecraft:open_barrel":6,"minecraft:leave_game":1,"minecraft:time_since_death":30063,"minecraft:sleep_in_bed":1,"minecraft:climb_one_cm":214,"minecraft:time_since_rest":1403,"minecraft:sprint_one_cm":36796,"minecraft:damage_taken":875,"minecraft:walk_one_cm":92096,"minecraft:drop":1,"minecraft:damage_dealt":523,"minecraft:fly_one_cm":47692,"minecraft:open_chest":3,"minecraft:crouch_one_cm":122,"minecraft:play_time":42238,"minecraft:deaths":3,"minecraft:sneak_time":241,"minecraft:jump":313,"minecraft:total_world_time":42238,"minecraft:fall_one_cm":7356},"minecraft:dropped":{"minecraft:baked_potato":11},"minecraft:killed":{"enemyexpansion:equestrian":1,"minecraft:zombie":1,"alexsmobs:crow":1},"minecraft:mined":{"minecraft:white_bed":1,"minecraft:red_bed":1,"minecraft:dark_oak_log":7,"minecraft:dandelion":1,"gravestone:gravestone":3,"minecraft:crafting_table":2,"minecraft:chest":1,"minecraft:coal_block":1,"minecraft:tall_grass":2,"minecraft:cobblestone":3,"candlelight:rose":1,"minecraft:polished_blackstone_bricks":1,"minecraft:raw_iron_block":1,"minecraft:iron_ore":1,"minecraft:grass":4,"minecraft:coal_ore":4,"minecraft:stone":13},"minecraft:crafted":{"minecraft:crafting_table":1,"minecraft:wooden_pickaxe":1,"minecraft:baked_potato":16,"minecraft:stone_axe":1,"minecraft:iron_boots":1,"minecraft:iron_chestplate":1,"minecraft:shield":1,"minecraft:iron_axe":1,"minecraft:stick":32,"minecraft:iron_ingot":24,"minecraft:wooden_axe":1,"minecraft:iron_block":2,"minecraft:iron_leggings":1,"ancient_elements:iron_hammer":1,"ancient_elements:stone_hammer":1,"minecraft:dark_oak_planks":32,"minecraft:torch":84},"minecraft:picked_up":{"minecraft:crafting_table":2,"minecraft:stone_slab":4,"minecraft:gold_block":2,"pizzacraft:broccoli_seeds":1,"minecraft:string":4,"minecraft:red_bed":1,"minecraft:lantern":3,"minecraft:cobblestone_slab":1,"minecraft:coal_block":1,"minecraft:chest":1,"pizzacraft:corn":1,"minecraft:stick":1,"minecraft:raw_iron":6,"minecraft:raw_iron_block":2,"minecraft:polished_blackstone_bricks":1,"minecraft:spruce_sapling":4,"minecraft:white_bed":1,"minecraft:spruce_log":10,"minecraft:dark_oak_log":8,"minecraft:rotten_flesh":1,"minecraft:spruce_sign":11,"minecraft:baked_potato":11,"minecraft:coal":20,"minecraft:cobblestone":35},"minecraft:killed_by":{"enemyexpansion:equestrian":1,"royalvariations:royal_zombie":1,"undead_revamp2:thebeartamer":1}},"DataVersion":3465}