{"stats":{"minecraft:crafted":{"minecraft:cherry_planks":8,"minecraft:iron_boots":1,"minecraft:iron_axe":1,"minecraft:dark_oak_planks":288,"sophisticatedbackpacks:iron_backpack":1,"minecraft:cooked_beef":12,"sophisticatedbackpacks:backpack":1,"minecraft:cooked_porkchop":11,"bakery:sandwich":15,"minecraft:crafting_table":1,"minecraft:wooden_pickaxe":1,"minecraft:baked_potato":16,"sophisticatedbackpacks:gold_backpack":1,"minecraft:stone_axe":1,"minecraft:iron_chestplate":1,"minecraft:shield":2,"minecraft:stick":32,"minecraft:iron_ingot":42,"minecraft:wooden_axe":1,"minecraft:iron_block":4,"minecraft:gold_ingot":18,"minecraft:iron_leggings":1,"ancient_elements:iron_hammer":2,"ancient_elements:stone_hammer":1,"minecraft:torch":84,"create:zinc_ingot":2},"minecraft:custom":{"minecraft:mob_kills":47,"minecraft:interact_with_crafting_table":25,"minecraft:open_barrel":6,"minecraft:damage_dealt_resisted":1028,"minecraft:leave_game":2,"minecraft:time_since_death":23632,"minecraft:climb_one_cm":2379,"minecraft:sprint_one_cm":207057,"minecraft:walk_one_cm":680267,"minecraft:damage_blocked_by_shield":3556,"minecraft:drop":7,"minecraft:talked_to_villager":1,"minecraft:play_time":234522,"minecraft:deaths":9,"minecraft:sneak_time":1350,"minecraft:walk_under_water_one_cm":11318,"minecraft:jump":2145,"minecraft:interact_with_blast_furnace":9,"minecraft:walk_on_water_one_cm":11661,"minecraft:total_world_time":234522,"minecraft:interact_with_furnace":32,"minecraft:sleep_in_bed":9,"minecraft:time_since_rest":5637,"minecraft:damage_taken":4132,"minecraft:damage_dealt":7746,"minecraft:swim_one_cm":8780,"minecraft:fly_one_cm":200870,"minecraft:open_chest":14,"minecraft:crouch_one_cm":2160,"minecraft:fall_one_cm":34409},"minecraft:killed_by":{"minecraft:zombie_villager":1,"alexsmobs:snow_leopard":2,"enemyexpansion:equestrian":1,"undead_revamp2:thehunter":1,"minecraft:skeleton":1,"enemyexpansion:direwolf":1,"royalvariations:royal_zombie":1,"undead_revamp2:thebeartamer":1},"minecraft:picked_up":{"minecraft:crafting_table":3,"ancient_elements:raw_titanium":8,"minecraft:chicken":2,"minecraft:leather_leggings":1,"minecraft:stone_slab":4,"minecraft:lead":2,"minecraft:gold_block":2,"minecraft:stone_brick_stairs":1,"meadow:fire_lily":1,"minecraft:string":6,"minecraft:red_bed":1,"minecraft:raw_copper":5,"create:limestone":4,"born_in_chaos_v1:dark_upgrade":1,"minecraft:beef":12,"farmersdelight:straw":1,"minecraft:cobblestone_slab":1,"minecraft:coal_block":3,"minecraft:chest":1,"crittersandcompanions:clam":1,"minecraft:egg":1,"pizzacraft:corn":1,"minecraft:dark_oak_sapling":5,"minecraft:raw_iron":6,"minecraft:stick":10,"minecraft:torch":4,"minecraft:porkchop":10,"minecraft:polished_blackstone_bricks":1,"minecraft:cherry_log":2,"create:zinc_ingot":14,"minecraft:rotten_flesh":9,"minecraft:decorated_pot":2,"minecraft:deepslate_bricks":3,"minecraft:gold_ingot":4,"wandering_bags:wandering_bag":1,"minecraft:deepslate_brick_stairs":2,"minecraft:cobblestone":98,"minecraft:pink_petals":1,"minecraft:feather":2,"born_in_chaos_v1:monster_flesh":1,"minecraft:cherry_planks":5,"minecraft:leather":6,"minecraft:tuff":2,"create:raw_zinc":14,"pizzacraft:broccoli_seeds":1,"minecraft:lantern":3,"minecraft:white_banner":4,"minecraft:bow":1,"gobber2:gobber2_gooey_beef":2,"minecraft:wheat_seeds":4,"wandering_bags:out_of_them_disc":1,"meadow:cobbled_limestone":48,"gobber2:gobber2_gooey_bread":1,"minecraft:raw_iron_block":4,"minecraft:spruce_sapling":4,"minecraft:blast_furnace":1,"minecraft:white_bed":1,"minecraft:spruce_log":10,"farmersdelight:ham":1,"minecraft:dark_oak_log":112,"minecraft:mossy_cobblestone":1,"create:crimsite":49,"born_in_chaos_v1:fire_dust":2,"minecraft:spruce_sign":11,"minecraft:emerald":1,"minecraft:bread":2,"minecraft:baked_potato":11,"gobber2:gobber2_goo":2,"minecraft:coal":63,"minecraft:bricks":3},"minecraft:dropped":{"minecraft:iron_ingot":1,"minecraft:baked_potato":11,"minecraft:white_banner":2,"minecraft:gold_ingot":6,"born_in_chaos_v1:dark_upgrade":1},"minecraft:mined":{"create:zinc_ore":4,"minecraft:white_bed":1,"minecraft:light_gray_stained_glass_pane":2,"minecraft:cherry_log":2,"minecraft:dark_oak_log":7,"gravestone:gravestone":9,"minecraft:decorated_pot":2,"gobber2:gobber2_lucky_block":2,"minecraft:coal_block":1,"candlelight:rose":1,"minecraft:polished_blackstone_bricks":1,"minecraft:raw_iron_block":3,"minecraft:iron_ore":1,"meadow:fire_lily":2,"minecraft:stone":18,"minecraft:cherry_planks":5,"minecraft:red_bed":1,"minecraft:dandelion":1,"minecraft:crafting_table":2,"minecraft:torch":3,"minecraft:blast_furnace":1,"minecraft:emerald_ore":2,"minecraft:chest":1,"minecraft:tall_grass":4,"minecraft:cobblestone":3,"wildberries:raspberry_bush":1,"minecraft:wall_torch":1,"minecraft:pink_petals":1,"minecraft:white_wall_banner":2,"meadow:limestone":4,"minecraft:grass":14,"minecraft:coal_ore":12,"minecraft:dark_oak_sapling":1,"create:crimsite":8,"minecraft:fern":1},"minecraft:broken":{"ancient_elements:iron_hammer":1,"minecraft:shield":1},"minecraft:used":{"minecraft:decorated_pot":1,"minecraft:shield":45,"minecraft:torch":40,"meadow:cobbled_limestone":9,"ancient_elements:stone_hammer":25,"minecraft:wooden_axe":2,"minecraft:iron_axe":9,"minecraft:baked_potato":16,"minecraft:wooden_pickaxe":12,"minecraft:cherry_planks":7,"ancient_elements:iron_hammer":171,"bakery:sandwich":6,"minecraft:crafting_table":3,"minecraft:red_bed":1,"minecraft:blast_furnace":1,"minecraft:white_bed":1,"born_in_chaos_v1:monster_flesh":1,"minecraft:stone_axe":5,"minecraft:cobblestone":56,"minecraft:cooked_porkchop":7,"alexsmobs:animal_dictionary":1},"minecraft:killed":{"undead_revamp2:thehunter":1,"alexsmobs:tiger":1,"alexsmobs:raccoon":1,"minecraft:spider":1,"enemyexpansion:equestrian":1,"alexsmobs:snow_leopard":2,"undead_revamp2:thesmoker":1,"quark:shiba":2,"luminousworld:dark_oak_skeleton":2,"minecraft:chicken":2,"minecraft:drowned":2,"undead_revamp2:sucker":1,"born_in_chaos_v1:firelight_not_despawn":2,"minecraft:pig":4,"minecraft:zombie_villager":1,"crittersandcompanions:ferret":1,"minecraft:wandering_trader":1,"minecraft:trader_llama":2,"minecraft:zombie":6,"born_in_chaos_v1:dread_hound":1,"born_in_chaos_v1:corpse_fly":1,"enemyexpansion:botfly":1,"alexsmobs:crow":1,"luminousworld:dark_oak_zombie":1,"enemyexpansion:wasp":1,"minecraft:cow":5}},"DataVersion":3465}