{"stats":{"minecraft:used":{"gobber2:gobber2_goo":3,"gobber2:gobber2_gooey_bread":1,"minecraft:shield":95,"minecraft:decorated_pot":1,"minecraft:torch":118,"artifacts:onion_ring":1,"meadow:cobbled_limestone":9,"ancient_elements:stone_hammer":25,"minecraft:dark_oak_planks":21,"minecraft:wooden_axe":2,"minecraft:iron_axe":18,"minecraft:birch_sapling":1,"minecraft:baked_potato":16,"minecraft:wooden_pickaxe":12,"minecraft:cherry_planks":7,"ancient_elements:iron_hammer":305,"bakery:sandwich":15,"minecraft:glow_berries":13,"minecraft:red_bed":1,"minecraft:crafting_table":4,"minecraft:blast_furnace":1,"minecraft:white_bed":1,"minecraft:infested_stone_bricks":2,"born_in_chaos_v1:monster_flesh":1,"minecraft:bread":9,"minecraft:iron_pickaxe":3,"minecraft:stone_axe":5,"minecraft:cobblestone":100,"minecraft:cooked_porkchop":8,"alexsmobs:animal_dictionary":1},"minecraft:mined":{"create:zinc_ore":4,"minecraft:white_bed":1,"minecraft:light_gray_stained_glass_pane":2,"minecraft:cherry_log":2,"minecraft:dark_oak_log":7,"gravestone:gravestone":13,"minecraft:grass_block":2,"minecraft:decorated_pot":2,"gobber2:gobber2_lucky_block":3,"meadow:alpine_emerald_ore":1,"ancient_elements:meteorite_block":3,"minecraft:coal_block":1,"candlelight:rose":1,"minecraft:polished_blackstone_bricks":1,"minecraft:raw_iron_block":3,"minecraft:iron_ore":1,"meadow:fire_lily":2,"minecraft:moss_carpet":1,"minecraft:stone":18,"minecraft:bamboo_slab":1,"minecraft:light_gray_carpet":3,"minecraft:cherry_planks":5,"minecraft:red_bed":1,"minecraft:bamboo_stairs":3,"minecraft:dandelion":1,"minecraft:crafting_table":3,"minecraft:torch":7,"minecraft:blast_furnace":1,"minecraft:emerald_ore":2,"minecraft:chest":1,"minecraft:tall_grass":4,"minecraft:cobblestone":4,"wildberries:raspberry_bush":1,"minecraft:wall_torch":1,"minecraft:pink_petals":1,"minecraft:bamboo_planks":1,"minecraft:white_carpet":8,"minecraft:gray_bed":1,"minecraft:white_wall_banner":2,"meadow:limestone":5,"minecraft:grass":15,"minecraft:coal_ore":12,"minecraft:dark_oak_sapling":1,"minecraft:mangrove_log":2,"create:crimsite":8,"minecraft:fern":1,"minecraft:emerald_block":11},"minecraft:custom":{"minecraft:mob_kills":76,"minecraft:interact_with_crafting_table":29,"minecraft:open_barrel":13,"minecraft:damage_dealt_resisted":1028,"minecraft:leave_game":4,"minecraft:time_since_death":42511,"minecraft:climb_one_cm":2621,"minecraft:sprint_one_cm":283881,"minecraft:walk_one_cm":1096965,"minecraft:damage_blocked_by_shield":6751,"minecraft:drop":12,"minecraft:talked_to_villager":1,"minecraft:play_time":343727,"minecraft:deaths":13,"minecraft:sneak_time":2477,"minecraft:walk_under_water_one_cm":33740,"minecraft:jump":3177,"minecraft:interact_with_blast_furnace":9,"minecraft:walk_on_water_one_cm":28449,"minecraft:total_world_time":343727,"minecraft:interact_with_furnace":36,"minecraft:sleep_in_bed":13,"minecraft:time_since_rest":15301,"minecraft:damage_taken":6729,"minecraft:damage_dealt":13496,"minecraft:swim_one_cm":23267,"minecraft:fly_one_cm":305471,"minecraft:open_chest":52,"minecraft:crouch_one_cm":4482,"minecraft:fall_one_cm":51447},"minecraft:killed":{"undead_revamp2:thehunter":1,"minecraft:witch":2,"alexsmobs:tiger":1,"alexsmobs:raccoon":1,"enemyexpansion:equestrian":1,"minecraft:spider":1,"alexsmobs:snow_leopard":2,"undead_revamp2:thesmoker":1,"born_in_chaos_v1:maggot":2,"minecraft:skeleton":5,"quark:shiba":2,"luminousworld:dark_oak_skeleton":2,"minecraft:chicken":2,"minecraft:silverfish":4,"minecraft:drowned":5,"undead_revamp2:sucker":1,"born_in_chaos_v1:firelight_not_despawn":2,"minecraft:pig":4,"minecraft:zombie_villager":7,"crittersandcompanions:ferret":1,"undead_revamp2:the_moonflower":2,"minecraft:wandering_trader":1,"born_in_chaos_v1:decrepit_skeleton":1,"minecraft:trader_llama":2,"minecraft:zombie":10,"born_in_chaos_v1:dread_hound":1,"born_in_chaos_v1:corpse_fly":1,"enemyexpansion:botfly":1,"alexsmobs:crow":1,"luminousworld:dark_oak_zombie":1,"minecraft:cow":5,"enemyexpansion:wasp":1},"minecraft:dropped":{"minecraft:iron_ingot":1,"minecraft:baked_potato":11,"rustic_engineer:book_spidermech":2,"minecraft:white_banner":2,"minecraft:gold_ingot":6,"ancient_elements:raw_meteorite":3,"born_in_chaos_v1:dark_upgrade":1,"sophisticatedbackpacks:copper_backpack":1,"luminousworld:beastiary":1},"minecraft:crafted":{"minecraft:cherry_planks":8,"minecraft:iron_boots":1,"minecraft:iron_axe":1,"minecraft:dark_oak_planks":288,"sophisticatedbackpacks:iron_backpack":1,"minecraft:cooked_beef":12,"sophisticatedbackpacks:backpack":1,"bakery:sandwich":15,"minecraft:cooked_porkchop":11,"minecraft:crafting_table":1,"minecraft:wooden_pickaxe":1,"minecraft:baked_potato":16,"sophisticatedbackpacks:gold_backpack":1,"minecraft:stone_axe":1,"minecraft:iron_chestplate":1,"minecraft:shield":3,"minecraft:stick":32,"minecraft:iron_ingot":42,"minecraft:wooden_axe":1,"minecraft:iron_block":4,"minecraft:iron_leggings":1,"minecraft:gold_ingot":18,"ancient_elements:iron_hammer":3,"ancient_elements:stone_hammer":1,"minecraft:torch":84,"create:zinc_ingot":2},"minecraft:broken":{"ancient_elements:iron_hammer":1,"minecraft:shield":2},"minecraft:killed_by":{"minecraft:zombie_villager":1,"undead_revamp2:the_moonflower":2,"minecraft:creeper":1,"alexsmobs:snow_leopard":2,"enemyexpansion:equestrian":1,"undead_revamp2:thehunter":1,"minecraft:skeleton":1,"minecraft:zombie":1,"enemyexpansion:direwolf":1,"royalvariations:royal_zombie":1,"undead_revamp2:thebeartamer":1},"minecraft:picked_up":{"minecraft:crafting_table":4,"ancient_elements:raw_titanium":8,"minecraft:chicken":2,"vinery:taiga_grapes_white":2,"minecraft:leather_leggings":1,"minecraft:stone_slab":4,"minecraft:lead":2,"minecraft:gold_block":2,"minecraft:stone_brick_stairs":1,"rustic_engineer:book_spidermech":1,"minecraft:brick":11,"meadow:fire_lily":1,"minecraft:string":6,"minecraft:red_bed":1,"minecraft:moss_carpet":2,"minecraft:raw_copper":5,"create:limestone":4,"born_in_chaos_v1:dark_upgrade":1,"minecraft:white_carpet":3,"ancient_elements:meteorite_block":32,"minecraft:smooth_stone":1,"minecraft:beef":12,"farmersdelight:straw":1,"minecraft:cobblestone_slab":1,"minecraft:coal_block":3,"minecraft:chest":1,"minecraft:birch_sapling":1,"crittersandcompanions:clam":3,"minecraft:mangrove_log":19,"minecraft:furnace":1,"minecraft:egg":1,"pizzacraft:corn":1,"minecraft:dark_oak_sapling":5,"minecraft:stick":16,"minecraft:raw_iron":7,"minecraft:torch":8,"minecraft:bamboo_slab":1,"minecraft:porkchop":10,"minecraft:polished_blackstone_bricks":1,"revampedpiles:snow_bricks":5,"minecraft:cherry_log":2,"create:zinc_ingot":14,"minecraft:stone_sword":1,"minecraft:arrow":3,"minecraft:rotten_flesh":17,"minecraft:decorated_pot":3,"minecraft:deepslate_bricks":3,"minecraft:gold_ingot":4,"wandering_bags:wandering_bag":1,"minecraft:deepslate_brick_stairs":2,"minecraft:obsidian":2,"minecraft:rail":1,"minecraft:cobblestone":122,"minecraft:pink_petals":1,"minecraft:bamboo_stairs":3,"born_in_chaos_v1:corpse_maggot":1,"minecraft:magma_block":3,"minecraft:feather":2,"minecraft:cherry_planks":5,"born_in_chaos_v1:monster_flesh":1,"minecraft:leather":6,"minecraft:tuff":2,"create:raw_zinc":14,"minecraft:gunpowder":4,"pizzacraft:broccoli_seeds":1,"minecraft:dirt":1,"minecraft:lantern":3,"minecraft:white_banner":4,"minecraft:bone":4,"minecraft:bow":1,"gobber2:gobber2_gooey_beef":3,"minecraft:wheat_seeds":4,"minecraft:raw_gold":6,"ancient_elements:raw_meteorite":9,"wandering_bags:out_of_them_disc":1,"meadow:cobbled_limestone":64,"minecraft:glass_bottle":1,"minecraft:gray_bed":1,"gobber2:gobber2_gooey_bread":1,"minecraft:emerald_block":12,"minecraft:bamboo_planks":1,"minecraft:raw_iron_block":4,"minecraft:spruce_sapling":4,"minecraft:blast_furnace":1,"minecraft:white_bed":1,"minecraft:spruce_log":10,"farmersdelight:ham":1,"minecraft:jungle_slab":1,"minecraft:dark_oak_log":112,"minecraft:mossy_cobblestone":1,"minecraft:leather_helmet":1,"minecraft:infested_stone_bricks":4,"create:crimsite":49,"born_in_chaos_v1:fire_dust":2,"wandering_bags:witch_bag":1,"wardrobe:silk":4,"minecraft:emerald":12,"minecraft:spruce_sign":11,"minecraft:chainmail_helmet":1,"minecraft:bread":2,"minecraft:baked_potato":11,"minecraft:bricks":3,"minecraft:coal":74,"gobber2:gobber2_goo":3}},"DataVersion":3465}