{"stats":{"minecraft:used":{"ancient_elements:stone_hammer":24,"minecraft:wooden_axe":2,"minecraft:wooden_pickaxe":12,"minecraft:stone_axe":5,"minecraft:cobblestone":14,"minecraft:crafting_table":2,"minecraft:red_bed":1,"minecraft:white_bed":1,"alexsmobs:animal_dictionary":1},"minecraft:custom":{"minecraft:time_since_rest":18116,"minecraft:interact_with_furnace":11,"minecraft:sprint_one_cm":33068,"minecraft:damage_taken":875,"minecraft:walk_one_cm":80645,"minecraft:mob_kills":3,"minecraft:drop":1,"minecraft:damage_dealt":523,"minecraft:interact_with_crafting_table":6,"minecraft:fly_one_cm":42789,"minecraft:open_barrel":6,"minecraft:open_chest":3,"minecraft:crouch_one_cm":122,"minecraft:play_time":30238,"minecraft:deaths":3,"minecraft:sneak_time":241,"minecraft:jump":282,"minecraft:leave_game":1,"minecraft:time_since_death":18063,"minecraft:climb_one_cm":214,"minecraft:total_world_time":30238,"minecraft:fall_one_cm":5773},"minecraft:dropped":{"minecraft:baked_potato":11},"minecraft:killed":{"minecraft:zombie":1,"enemyexpansion:equestrian":1,"alexsmobs:crow":1},"minecraft:mined":{"candlelight:rose":1,"minecraft:raw_iron_block":1,"minecraft:white_bed":1,"minecraft:red_bed":1,"minecraft:iron_ore":1,"minecraft:dark_oak_log":7,"minecraft:dandelion":1,"minecraft:crafting_table":2,"gravestone:gravestone":3,"minecraft:grass":4,"minecraft:coal_ore":4,"minecraft:chest":1,"minecraft:coal_block":1,"minecraft:tall_grass":2,"minecraft:cobblestone":3,"minecraft:stone":13},"minecraft:crafted":{"minecraft:crafting_table":1,"minecraft:stick":16,"minecraft:baked_potato":16,"minecraft:wooden_pickaxe":1,"minecraft:wooden_axe":1,"ancient_elements:stone_hammer":1,"minecraft:dark_oak_planks":32,"minecraft:stone_axe":1},"minecraft:picked_up":{"pizzacraft:corn":1,"minecraft:raw_iron":6,"minecraft:crafting_table":2,"minecraft:stick":1,"minecraft:raw_iron_block":2,"minecraft:spruce_sapling":4,"minecraft:white_bed":1,"minecraft:spruce_log":10,"minecraft:red_bed":1,"pizzacraft:broccoli_seeds":1,"minecraft:dark_oak_log":8,"minecraft:lantern":2,"minecraft:rotten_flesh":1,"minecraft:spruce_sign":11,"minecraft:baked_potato":11,"minecraft:coal_block":1,"minecraft:chest":1,"minecraft:coal":20,"minecraft:cobblestone":35},"minecraft:killed_by":{"enemyexpansion:equestrian":1,"royalvariations:royal_zombie":1,"undead_revamp2:thebeartamer":1}},"DataVersion":3465}