{"stats":{"minecraft:used":{"ancient_elements:stone_hammer":13,"minecraft:wooden_axe":2,"minecraft:wooden_pickaxe":12,"minecraft:cobblestone":14,"minecraft:crafting_table":2,"alexsmobs:animal_dictionary":1},"minecraft:custom":{"minecraft:time_since_rest":6116,"minecraft:sprint_one_cm":28129,"minecraft:damage_taken":855,"minecraft:walk_one_cm":38400,"minecraft:mob_kills":3,"minecraft:damage_dealt":513,"minecraft:interact_with_crafting_table":4,"minecraft:fly_one_cm":35338,"minecraft:crouch_one_cm":122,"minecraft:play_time":18238,"minecraft:deaths":3,"minecraft:sneak_time":179,"minecraft:jump":198,"minecraft:leave_game":1,"minecraft:time_since_death":6063,"minecraft:climb_one_cm":214,"minecraft:total_world_time":18238,"minecraft:fall_one_cm":3882},"minecraft:killed":{"minecraft:zombie":1,"enemyexpansion:equestrian":1,"alexsmobs:crow":1},"minecraft:mined":{"candlelight:rose":1,"minecraft:dark_oak_log":7,"minecraft:crafting_table":2,"gravestone:gravestone":3,"minecraft:coal_ore":2,"minecraft:cobblestone":3,"minecraft:stone":13},"minecraft:crafted":{"minecraft:crafting_table":1,"minecraft:stick":16,"minecraft:wooden_pickaxe":1,"minecraft:wooden_axe":1,"ancient_elements:stone_hammer":1,"minecraft:dark_oak_planks":32,"minecraft:stone_axe":1},"minecraft:picked_up":{"minecraft:crafting_table":2,"minecraft:stick":1,"minecraft:dark_oak_log":8,"minecraft:rotten_flesh":1,"minecraft:coal":11,"minecraft:cobblestone":34},"minecraft:killed_by":{"enemyexpansion:equestrian":1,"royalvariations:royal_zombie":1,"undead_revamp2:thebeartamer":1}},"DataVersion":3465}