{"stats":{"minecraft:custom":{"minecraft:jump":19,"minecraft:time_since_rest":4073,"minecraft:crouch_one_cm":230,"minecraft:sprint_one_cm":1909,"minecraft:play_time":4073,"minecraft:time_since_death":4073,"minecraft:walk_one_cm":2240,"minecraft:sneak_time":36,"minecraft:total_world_time":4073,"minecraft:fall_one_cm":418,"minecraft:fly_one_cm":2347},"minecraft:picked_up":{"minecraft:spruce_log":1},"minecraft:mined":{"minecraft:spruce_log":1},"minecraft:used":{"alexsmobs:animal_dictionary":1}},"DataVersion":3465}