{"stats":{"minecraft:broken":{"minecraft:iron_boots":1,"minecraft:iron_chestplate":1,"minecraft:shield":2},"minecraft:killed":{"minecraft:cave_spider":1,"born_in_chaos_v1:missioner":1,"undead_revamp2:thehunter":2,"minecraft:witch":1,"born_in_chaos_v1:zombie_lumberjack":1,"born_in_chaos_v1:restless_spirit":2,"undead_revamp2:thegliter":2,"undead_revamp2:thesmoker":1,"royalvariations:royal_skeleton":1,"enemyexpansion:direwolf":1,"born_in_chaos_v1:siamese_skeletonsright":4,"born_in_chaos_v1:zombie_bruiser":3,"undead_revamp2:theswarmer":1,"born_in_chaos_v1:maggot":16,"minecraft:skeleton":7,"alexsmobs:centipede_head":1,"artifacts:mimic":2,"born_in_chaos_v1:fallen_chaos_knight":1,"minecraft:zombie_villager":10,"born_in_chaos_v1:baby_skeleton":5,"undead_revamp2:the_moonflower":4,"undead_revamp2:theheavy":1,"born_in_chaos_v1:decrepit_skeleton":7,"royalvariations:royal_zombie":2,"born_in_chaos_v1:bloody_gadfly":1,"minecraft:pillager":2,"undead_revamp2:thesomnolence":10,"minecraft:zombie":31,"born_in_chaos_v1:dread_hound":2,"born_in_chaos_v1:corpse_fly":11,"enemyexpansion:botfly":2,"undead_revamp2:theskeeper":1,"alexsmobs:crow":1,"born_in_chaos_v1:door_knight":1,"born_in_chaos_v1:siamese_skeletonsleft":4},"minecraft:picked_up":{"minecraft:crafting_table":13,"minecraft:wheat":26,"minecraft:creeper_head":1,"born_in_chaos_v1:charmof_resistance":2,"minecraft:smithing_table":1,"minecraft:brown_bed":1,"gravestone:obituary":89,"minecraft:string":60,"minecraft:raw_copper":20,"artifacts:feral_claws":6,"minecraft:cobbled_deepslate":49,"minecraft:spruce_planks":5,"vinery:cherry":6,"minecraft:iron_pickaxe":2,"minecraft:furnace":8,"minecraft:raw_iron":36,"born_in_chaos_v1:shattered_skull":13,"minecraft:oak_fence":2,"born_in_chaos_v1:phantom_powder":1,"minecraft:torch":93,"minecraft:acacia_log":12,"born_in_chaos_v1:pieceofdarkmetal":15,"minecraft:carrot":2,"gobber2:gobber2_foo":2,"minecraft:tnt":6,"minecraft:arrow":2,"minecraft:rotten_flesh":129,"supplementaries:antique_ink":2,"create:veridium":9,"undead_revamp2:the_somnolenceextract":1,"artifacts:panic_necklace":22,"supplementaries:ash":16,"undead_revamp2:arapholia":12,"minecraft:skeleton_skull":11,"minecraft:bone_block":95,"minecraft:cobblestone":102,"born_in_chaos_v1:fused_bone":6,"born_in_chaos_v1:corpse_maggot":16,"minecraft:feather":1,"vinery:rotten_cherry":2,"born_in_chaos_v1:monster_flesh":5,"minecraft:glow_ink_sac":1,"gobber2:gobber2_gooey_beefstew":5,"minecraft:flint":2,"minecraft:oak_log":2,"supplementaries:flax_seeds":16,"undead_revamp2:huntereye":1,"minecraft:yellow_bed":8,"minecraft:gunpowder":12,"minecraft:dirt":1,"born_in_chaos_v1:monster_skin":4,"minecraft:leather_boots":1,"minecraft:bone":115,"minecraft:bow":3,"gobber2:gobber2_gooey_beef":3,"minecraft:wheat_seeds":70,"minecraft:raw_gold":3,"minecraft:rabbit_hide":36,"minecraft:iron_ingot":21,"minecraft:stone_pickaxe":1,"candlelight:tomato":2,"artifacts:steadfast_spikes":26,"gobber2:gobber2_gooey_bread":4,"minecraft:pumpkin":3,"born_in_chaos_v1:ethereal_spirit":21,"minecraft:gravel":13,"vinery:dark_cherry_sapling":1,"minecraft:amethyst_shard":20,"minecraft:spruce_log":12,"minecraft:mossy_cobblestone":1,"artifacts:plastic_drinking_hat":23,"undead_revamp2:rawbostrox":3,"butcher:sulfur":9,"minecraft:diamond":2,"minecraft:stone_axe":1,"quark:music_disc_clock":2,"wandering_bags:witch_bag":2,"minecraft:bone_meal":92,"minecraft:bread":4,"minecraft:coal":52,"gobber2:gobber2_goo":8},"minecraft:mined":{"minecraft:tuff":6,"minecraft:spruce_planks":4,"minecraft:mossy_cobblestone":2,"minecraft:deepslate_diamond_ore":2,"vinery:dark_cherry_leaves":4,"gravestone:gravestone":47,"gobber2:gobber2_lucky_block":6,"minecraft:spruce_leaves":16,"minecraft:spawner":1,"minecraft:furnace":8,"minecraft:iron_ore":29,"minecraft:cobbled_deepslate":2,"minecraft:pumpkin":3,"minecraft:brown_bed":1,"minecraft:skeleton_wall_skull":2,"minecraft:deepslate_iron_ore":7,"minecraft:vine":1,"minecraft:stone":74,"minecraft:bone_block":7,"create:veridium":22,"minecraft:smithing_table":1,"minecraft:oak_fence":2,"minecraft:crafting_table":13,"minecraft:torch":61,"candlelight:wild_tomatoes":2,"minecraft:tall_grass":2,"minecraft:cobblestone":9,"minecraft:deepslate_gold_ore":3,"minecraft:wall_torch":5,"supplementaries:urn":7,"minecraft:wheat":25,"minecraft:spruce_log":12,"butcher:sulfurore":3,"gobber2:gobber2_lucky_block_deepslate":16,"minecraft:yellow_bed":8,"minecraft:grass":4,"minecraft:coal_ore":24,"minecraft:gravel":18,"minecraft:cobweb":24,"minecraft:oak_leaves":4,"minecraft:deepslate":30},"minecraft:crafted":{"minecraft:wooden_sword":1,"minecraft:oak_planks":4,"minecraft:furnace":2,"minecraft:bone_meal":60,"minecraft:iron_boots":1,"minecraft:stone_pickaxe":1,"minecraft:wooden_shovel":1,"minecraft:diamond_sword":1,"minecraft:crafting_table":1,"minecraft:spruce_planks":48,"minecraft:wooden_pickaxe":1,"minecraft:iron_sword":1,"minecraft:stone_axe":1,"minecraft:bread":8,"minecraft:iron_chestplate":1,"minecraft:shield":3,"minecraft:stick":28,"minecraft:iron_ingot":35,"minecraft:iron_pickaxe":1,"minecraft:wooden_axe":1,"minecraft:stone_sword":1,"minecraft:iron_leggings":2,"minecraft:torch":52},"minecraft:used":{"minecraft:oak_fence":2,"minecraft:beetroot":7,"minecraft:stone_sword":17,"gobber2:gobber2_goo":8,"minecraft:acacia_log":1,"minecraft:bone_block":23,"minecraft:spruce_planks":6,"gobber2:gobber2_gooey_bread":4,"minecraft:shield":99,"minecraft:iron_sword":208,"minecraft:rotten_flesh":4,"minecraft:torch":120,"minecraft:carrot":4,"vinery:dark_cherry_sapling":1,"born_in_chaos_v1:corpse_maggot":15,"minecraft:wooden_axe":2,"undead_revamp2:huntereye":1,"gobber2:gobber2_gooey_beef":3,"minecraft:furnace":10,"candlelight:tomato":2,"minecraft:skeleton_skull":2,"minecraft:cobbled_deepslate":3,"minecraft:brown_bed":1,"minecraft:wheat_seeds":43,"minecraft:stone_pickaxe":114,"minecraft:wooden_pickaxe":11,"minecraft:crafting_table":14,"gobber2:gobber2_gooey_beefstew":5,"born_in_chaos_v1:monster_flesh":2,"minecraft:bread":12,"minecraft:iron_pickaxe":140,"minecraft:stone_axe":55,"minecraft:diamond_sword":445,"minecraft:cobblestone":69,"vinery:cherry":6,"minecraft:smithing_table":1,"minecraft:yellow_bed":8,"alexsmobs:animal_dictionary":1,"minecraft:bone_meal":8},"minecraft:dropped":{"minecraft:iron_ingot":24,"minecraft:iron_sword":1,"born_in_chaos_v1:shattered_skull":8,"minecraft:wheat_seeds":27,"minecraft:oak_log":1,"minecraft:glow_ink_sac":1,"minecraft:cobblestone":4,"vinery:rotten_cherry":2,"minecraft:acacia_log":9,"minecraft:coal":1,"minecraft:flint":2,"minecraft:torch":2,"born_in_chaos_v1:monster_skin":2,"artifacts:plastic_drinking_hat":2,"born_in_chaos_v1:fused_bone":6,"gravestone:obituary":101,"minecraft:bone_meal":36,"minecraft:bone_block":54,"minecraft:iron_pickaxe":1,"minecraft:string":39,"minecraft:bone":72,"minecraft:gravel":13,"minecraft:stone_axe":1,"minecraft:cobbled_deepslate":8,"minecraft:raw_copper":10,"undead_revamp2:arapholia":10,"born_in_chaos_v1:ethereal_spirit":12,"minecraft:rotten_flesh":117,"quark:music_disc_clock":1,"minecraft:rabbit_hide":30,"supplementaries:flax_seeds":10,"supplementaries:ash":15,"create:veridium":9,"minecraft:gunpowder":3,"minecraft:spruce_planks":1,"minecraft:skeleton_skull":5,"artifacts:steadfast_spikes":2,"born_in_chaos_v1:corpse_maggot":1,"artifacts:panic_necklace":1,"minecraft:arrow":1,"minecraft:stone_pickaxe":2},"minecraft:killed_by":{"undead_revamp2:the_moonflower":3,"royalvariations:royal_skeleton":1,"minecraft:creeper":1,"minecraft:enderman":1,"undead_revamp2:thesomnolence":2,"born_in_chaos_v1:corpse_fly":1,"born_in_chaos_v1:fallen_chaos_knight":4,"undead_revamp2:thespitter":1,"undead_revamp2:thehunter":4,"minecraft:cave_spider":1,"alexsmobs:centipede_head":7,"minecraft:skeleton":9,"artifacts:mimic":2,"minecraft:zombie":4,"undead_revamp2:theheavy":1,"born_in_chaos_v1:door_knight":1,"born_in_chaos_v1:dread_hound":2,"undead_revamp2:thegliter":1},"minecraft:custom":{"minecraft:interact_with_smithing_table":1,"minecraft:mob_kills":148,"minecraft:interact_with_crafting_table":31,"minecraft:open_barrel":4,"minecraft:damage_dealt_resisted":1287,"minecraft:leave_game":4,"minecraft:time_since_death":3766,"minecraft:climb_one_cm":36,"minecraft:sprint_one_cm":216164,"minecraft:walk_one_cm":554554,"minecraft:damage_blocked_by_shield":5175,"minecraft:drop":354,"minecraft:talked_to_villager":1,"minecraft:play_time":148293,"minecraft:sneak_time":1044,"minecraft:deaths":47,"minecraft:walk_under_water_one_cm":6032,"minecraft:jump":2015,"minecraft:total_world_time":148293,"minecraft:walk_on_water_one_cm":10042,"minecraft:interact_with_furnace":37,"minecraft:sleep_in_bed":5,"minecraft:time_since_rest":3794,"minecraft:damage_taken":15715,"minecraft:damage_dealt":27694,"minecraft:crouch_one_cm":2237,"minecraft:fly_one_cm":176272,"minecraft:open_chest":25,"minecraft:fall_one_cm":51171}},"DataVersion":3465}