{"stats":{"minecraft:killed":{"undead_revamp2:theheavy":1,"enemyexpansion:direwolf":1,"undead_revamp2:theswarmer":1,"born_in_chaos_v1:decrepit_skeleton":1,"born_in_chaos_v1:maggot":2,"born_in_chaos_v1:bloody_gadfly":1,"minecraft:zombie":2,"born_in_chaos_v1:dread_hound":1,"born_in_chaos_v1:corpse_fly":6,"alexsmobs:crow":1},"minecraft:picked_up":{"born_in_chaos_v1:corpse_maggot":6,"minecraft:crafting_table":5,"minecraft:wheat":19,"minecraft:feather":1,"vinery:rotten_cherry":1,"born_in_chaos_v1:monster_flesh":1,"minecraft:brown_bed":1,"minecraft:gunpowder":2,"minecraft:bone":3,"minecraft:wheat_seeds":50,"vinery:cherry":6,"candlelight:tomato":2,"minecraft:furnace":4,"minecraft:raw_iron":11,"minecraft:pumpkin":3,"vinery:dark_cherry_sapling":1,"minecraft:spruce_log":12,"undead_revamp2:rawbostrox":3,"minecraft:rotten_flesh":14,"minecraft:bone_meal":2,"supplementaries:ash":2,"minecraft:coal":25,"minecraft:cobblestone":63},"minecraft:mined":{"minecraft:mossy_cobblestone":1,"vinery:dark_cherry_leaves":4,"minecraft:crafting_table":5,"gravestone:gravestone":3,"candlelight:wild_tomatoes":2,"minecraft:tall_grass":2,"minecraft:spruce_leaves":16,"minecraft:furnace":4,"minecraft:iron_ore":11,"minecraft:wheat":14,"minecraft:spruce_log":12,"minecraft:pumpkin":3,"minecraft:brown_bed":1,"minecraft:grass":4,"minecraft:coal_ore":24,"minecraft:stone":48,"minecraft:oak_leaves":4},"minecraft:crafted":{"minecraft:wooden_sword":1,"minecraft:wooden_shovel":1,"minecraft:crafting_table":1,"minecraft:spruce_planks":48,"minecraft:wooden_pickaxe":1,"minecraft:iron_sword":1,"minecraft:furnace":2,"minecraft:bone_meal":6,"minecraft:stone_axe":1,"minecraft:bread":6,"minecraft:iron_chestplate":1,"minecraft:shield":1,"minecraft:stick":16,"minecraft:iron_ingot":11,"minecraft:stone_pickaxe":1,"minecraft:wooden_axe":1,"minecraft:stone_sword":1,"minecraft:torch":12},"minecraft:used":{"minecraft:beetroot":7,"minecraft:wheat_seeds":35,"minecraft:stone_sword":17,"minecraft:stone_pickaxe":83,"minecraft:shield":14,"minecraft:wooden_pickaxe":11,"minecraft:iron_sword":51,"minecraft:rotten_flesh":2,"minecraft:crafting_table":5,"vinery:dark_cherry_sapling":1,"born_in_chaos_v1:corpse_maggot":6,"minecraft:wooden_axe":2,"born_in_chaos_v1:monster_flesh":1,"minecraft:bread":6,"minecraft:stone_axe":32,"minecraft:cobblestone":30,"minecraft:furnace":4,"candlelight:tomato":2,"alexsmobs:animal_dictionary":1,"minecraft:bone_meal":8,"minecraft:brown_bed":1},"minecraft:dropped":{"minecraft:wheat_seeds":10,"minecraft:rotten_flesh":12,"minecraft:coal":1,"supplementaries:ash":1,"gravestone:obituary":1},"minecraft:killed_by":{"born_in_chaos_v1:corpse_fly":1,"undead_revamp2:theheavy":1,"undead_revamp2:thespitter":1},"minecraft:custom":{"minecraft:interact_with_furnace":15,"minecraft:mob_kills":18,"minecraft:interact_with_crafting_table":17,"minecraft:damage_dealt_resisted":136,"minecraft:leave_game":1,"minecraft:time_since_death":2744,"minecraft:sleep_in_bed":2,"minecraft:time_since_rest":2794,"minecraft:sprint_one_cm":68186,"minecraft:damage_taken":1364,"minecraft:walk_one_cm":118003,"minecraft:damage_blocked_by_shield":450,"minecraft:drop":20,"minecraft:damage_dealt":3137,"minecraft:talked_to_villager":1,"minecraft:fly_one_cm":48781,"minecraft:open_chest":25,"minecraft:crouch_one_cm":355,"minecraft:play_time":40182,"minecraft:deaths":3,"minecraft:sneak_time":169,"minecraft:walk_under_water_one_cm":1929,"minecraft:jump":479,"minecraft:walk_on_water_one_cm":1598,"minecraft:total_world_time":40182,"minecraft:fall_one_cm":10226}},"DataVersion":3465}