{"stats":{"minecraft:broken":{"minecraft:shield":1},"minecraft:killed":{"undead_revamp2:thehunter":2,"undead_revamp2:thegliter":1,"royalvariations:royal_skeleton":1,"enemyexpansion:direwolf":1,"born_in_chaos_v1:zombie_bruiser":1,"undead_revamp2:theswarmer":1,"born_in_chaos_v1:maggot":11,"minecraft:skeleton":6,"alexsmobs:centipede_head":1,"artifacts:mimic":1,"born_in_chaos_v1:baby_skeleton":1,"undead_revamp2:the_moonflower":2,"undead_revamp2:theheavy":1,"born_in_chaos_v1:decrepit_skeleton":3,"royalvariations:royal_zombie":1,"minecraft:pillager":2,"born_in_chaos_v1:bloody_gadfly":1,"undead_revamp2:thesomnolence":7,"minecraft:zombie":10,"born_in_chaos_v1:dread_hound":2,"born_in_chaos_v1:corpse_fly":11,"enemyexpansion:botfly":1,"undead_revamp2:theskeeper":1,"alexsmobs:crow":1,"born_in_chaos_v1:door_knight":1},"minecraft:picked_up":{"minecraft:crafting_table":13,"minecraft:wheat":23,"minecraft:smithing_table":1,"minecraft:brown_bed":1,"gravestone:obituary":43,"minecraft:string":52,"minecraft:cobbled_deepslate":31,"vinery:cherry":6,"minecraft:furnace":8,"minecraft:raw_iron":35,"minecraft:oak_fence":2,"born_in_chaos_v1:phantom_powder":1,"minecraft:torch":53,"born_in_chaos_v1:pieceofdarkmetal":1,"minecraft:carrot":2,"gobber2:gobber2_foo":2,"minecraft:arrow":2,"minecraft:rotten_flesh":58,"create:veridium":9,"undead_revamp2:the_somnolenceextract":1,"artifacts:panic_necklace":12,"supplementaries:ash":12,"minecraft:cobblestone":91,"born_in_chaos_v1:corpse_maggot":12,"minecraft:feather":1,"born_in_chaos_v1:monster_flesh":4,"vinery:rotten_cherry":2,"minecraft:glow_ink_sac":1,"gobber2:gobber2_gooey_beefstew":5,"minecraft:flint":2,"supplementaries:flax_seeds":3,"undead_revamp2:huntereye":1,"minecraft:yellow_bed":7,"minecraft:gunpowder":2,"minecraft:dirt":1,"born_in_chaos_v1:monster_skin":4,"minecraft:bone":47,"minecraft:bow":3,"gobber2:gobber2_gooey_beef":3,"minecraft:wheat_seeds":70,"minecraft:raw_gold":3,"minecraft:iron_ingot":3,"minecraft:stone_pickaxe":1,"candlelight:tomato":2,"artifacts:steadfast_spikes":17,"gobber2:gobber2_gooey_bread":3,"minecraft:pumpkin":3,"minecraft:gravel":13,"vinery:dark_cherry_sapling":1,"minecraft:amethyst_shard":20,"minecraft:spruce_log":12,"artifacts:plastic_drinking_hat":11,"minecraft:mossy_cobblestone":1,"butcher:sulfur":9,"undead_revamp2:rawbostrox":3,"minecraft:diamond":2,"minecraft:bone_meal":20,"minecraft:coal":38,"gobber2:gobber2_goo":7},"minecraft:mined":{"minecraft:tuff":6,"minecraft:mossy_cobblestone":2,"minecraft:deepslate_diamond_ore":2,"vinery:dark_cherry_leaves":4,"gravestone:gravestone":30,"gobber2:gobber2_lucky_block":6,"minecraft:spruce_leaves":16,"minecraft:spawner":1,"minecraft:furnace":8,"minecraft:iron_ore":29,"minecraft:cobbled_deepslate":2,"minecraft:pumpkin":3,"minecraft:brown_bed":1,"minecraft:deepslate_iron_ore":6,"minecraft:vine":1,"minecraft:stone":74,"create:veridium":22,"minecraft:smithing_table":1,"minecraft:oak_fence":2,"minecraft:crafting_table":13,"minecraft:torch":46,"candlelight:wild_tomatoes":2,"minecraft:cobblestone":4,"minecraft:tall_grass":2,"minecraft:deepslate_gold_ore":3,"minecraft:wall_torch":4,"supplementaries:urn":4,"minecraft:wheat":25,"minecraft:spruce_log":12,"butcher:sulfurore":3,"gobber2:gobber2_lucky_block_deepslate":14,"minecraft:yellow_bed":7,"minecraft:grass":4,"minecraft:coal_ore":24,"minecraft:gravel":18,"minecraft:cobweb":24,"minecraft:oak_leaves":4,"minecraft:deepslate":18},"minecraft:crafted":{"minecraft:wooden_sword":1,"minecraft:furnace":2,"minecraft:bone_meal":24,"minecraft:iron_boots":1,"minecraft:stone_pickaxe":1,"minecraft:wooden_shovel":1,"minecraft:diamond_sword":1,"minecraft:crafting_table":1,"minecraft:spruce_planks":48,"minecraft:wooden_pickaxe":1,"minecraft:iron_sword":1,"minecraft:stone_axe":1,"minecraft:bread":7,"minecraft:iron_chestplate":1,"minecraft:shield":2,"minecraft:stick":28,"minecraft:iron_ingot":27,"minecraft:iron_pickaxe":1,"minecraft:wooden_axe":1,"minecraft:stone_sword":1,"minecraft:iron_leggings":1,"minecraft:torch":36},"minecraft:used":{"minecraft:beetroot":7,"minecraft:oak_fence":2,"minecraft:stone_sword":17,"gobber2:gobber2_goo":7,"gobber2:gobber2_gooey_bread":3,"minecraft:shield":81,"minecraft:iron_sword":208,"minecraft:rotten_flesh":4,"minecraft:torch":87,"minecraft:carrot":4,"vinery:dark_cherry_sapling":1,"born_in_chaos_v1:corpse_maggot":10,"minecraft:wooden_axe":2,"undead_revamp2:huntereye":1,"gobber2:gobber2_gooey_beef":3,"minecraft:furnace":8,"candlelight:tomato":2,"minecraft:cobbled_deepslate":3,"minecraft:brown_bed":1,"minecraft:wheat_seeds":43,"minecraft:stone_pickaxe":114,"minecraft:wooden_pickaxe":11,"minecraft:crafting_table":13,"gobber2:gobber2_gooey_beefstew":5,"born_in_chaos_v1:monster_flesh":1,"minecraft:bread":7,"minecraft:iron_pickaxe":110,"minecraft:stone_axe":51,"minecraft:diamond_sword":136,"minecraft:cobblestone":44,"vinery:cherry":6,"minecraft:yellow_bed":7,"alexsmobs:animal_dictionary":1,"minecraft:bone_meal":8},"minecraft:dropped":{"minecraft:iron_sword":1,"minecraft:wheat_seeds":27,"minecraft:glow_ink_sac":1,"vinery:rotten_cherry":2,"minecraft:coal":1,"minecraft:flint":2,"born_in_chaos_v1:monster_skin":2,"minecraft:torch":2,"gravestone:obituary":47,"minecraft:bone_meal":36,"minecraft:string":34,"minecraft:bone":36,"minecraft:gravel":13,"minecraft:cobbled_deepslate":8,"minecraft:rotten_flesh":50,"supplementaries:ash":7,"create:veridium":9,"artifacts:steadfast_spikes":2,"born_in_chaos_v1:corpse_maggot":1,"minecraft:arrow":1,"minecraft:stone_pickaxe":2},"minecraft:killed_by":{"undead_revamp2:the_moonflower":1,"royalvariations:royal_skeleton":1,"minecraft:enderman":1,"undead_revamp2:thesomnolence":2,"born_in_chaos_v1:corpse_fly":1,"born_in_chaos_v1:fallen_chaos_knight":4,"undead_revamp2:thespitter":1,"undead_revamp2:thehunter":4,"alexsmobs:centipede_head":1,"minecraft:skeleton":6,"artifacts:mimic":2,"minecraft:zombie":2,"undead_revamp2:theheavy":1,"born_in_chaos_v1:door_knight":1,"born_in_chaos_v1:dread_hound":2,"undead_revamp2:thegliter":1},"minecraft:custom":{"minecraft:interact_with_smithing_table":1,"minecraft:mob_kills":74,"minecraft:interact_with_crafting_table":25,"minecraft:open_barrel":4,"minecraft:damage_dealt_resisted":1009,"minecraft:time_since_death":1246,"minecraft:leave_game":1,"minecraft:climb_one_cm":36,"minecraft:sprint_one_cm":132478,"minecraft:walk_one_cm":425344,"minecraft:damage_blocked_by_shield":4110,"minecraft:drop":167,"minecraft:talked_to_villager":1,"minecraft:play_time":106182,"minecraft:deaths":31,"minecraft:sneak_time":602,"minecraft:walk_under_water_one_cm":6032,"minecraft:jump":1408,"minecraft:walk_on_water_one_cm":10042,"minecraft:total_world_time":106182,"minecraft:interact_with_furnace":29,"minecraft:sleep_in_bed":4,"minecraft:time_since_rest":1270,"minecraft:damage_taken":10548,"minecraft:damage_dealt":13296,"minecraft:fly_one_cm":100200,"minecraft:open_chest":25,"minecraft:crouch_one_cm":1655,"minecraft:fall_one_cm":43302}},"DataVersion":3465}