{"stats":{"minecraft:killed":{"born_in_chaos_v1:baby_skeleton":1,"undead_revamp2:theheavy":1,"enemyexpansion:direwolf":1,"born_in_chaos_v1:zombie_bruiser":1,"undead_revamp2:theswarmer":1,"born_in_chaos_v1:decrepit_skeleton":2,"born_in_chaos_v1:maggot":2,"royalvariations:royal_zombie":1,"born_in_chaos_v1:bloody_gadfly":1,"minecraft:pillager":1,"undead_revamp2:thesomnolence":3,"minecraft:zombie":2,"born_in_chaos_v1:dread_hound":1,"born_in_chaos_v1:corpse_fly":11,"undead_revamp2:theskeeper":1,"alexsmobs:crow":1,"artifacts:mimic":1},"minecraft:picked_up":{"born_in_chaos_v1:corpse_maggot":8,"minecraft:crafting_table":11,"minecraft:wheat":23,"minecraft:feather":1,"vinery:rotten_cherry":2,"born_in_chaos_v1:monster_flesh":1,"minecraft:glow_ink_sac":1,"gobber2:gobber2_gooey_beefstew":2,"minecraft:smithing_table":1,"minecraft:brown_bed":1,"gravestone:obituary":7,"minecraft:gunpowder":2,"minecraft:string":37,"minecraft:bone":5,"minecraft:wheat_seeds":70,"minecraft:cobbled_deepslate":11,"minecraft:raw_gold":3,"minecraft:iron_ingot":2,"vinery:cherry":6,"candlelight:tomato":2,"artifacts:steadfast_spikes":1,"gobber2:gobber2_gooey_bread":1,"minecraft:furnace":8,"minecraft:raw_iron":27,"minecraft:pumpkin":3,"minecraft:oak_fence":2,"minecraft:torch":1,"vinery:dark_cherry_sapling":1,"minecraft:carrot":2,"born_in_chaos_v1:pieceofdarkmetal":1,"minecraft:spruce_log":12,"minecraft:mossy_cobblestone":1,"gobber2:gobber2_foo":1,"undead_revamp2:rawbostrox":3,"butcher:sulfur":9,"minecraft:rotten_flesh":29,"minecraft:diamond":2,"minecraft:bone_meal":2,"undead_revamp2:the_somnolenceextract":1,"supplementaries:ash":4,"minecraft:coal":38,"gobber2:gobber2_goo":2,"minecraft:cobblestone":86},"minecraft:mined":{"minecraft:smithing_table":1,"minecraft:mossy_cobblestone":2,"minecraft:deepslate_diamond_ore":2,"vinery:dark_cherry_leaves":4,"minecraft:oak_fence":2,"minecraft:crafting_table":11,"minecraft:torch":1,"gravestone:gravestone":7,"gobber2:gobber2_lucky_block":2,"candlelight:wild_tomatoes":2,"minecraft:tall_grass":2,"minecraft:cobblestone":2,"minecraft:spruce_leaves":16,"minecraft:deepslate_gold_ore":3,"minecraft:furnace":8,"minecraft:iron_ore":21,"minecraft:cobbled_deepslate":2,"minecraft:wheat":25,"minecraft:spruce_log":12,"butcher:sulfurore":3,"minecraft:pumpkin":3,"gobber2:gobber2_lucky_block_deepslate":4,"minecraft:brown_bed":1,"minecraft:grass":4,"minecraft:deepslate_iron_ore":6,"minecraft:coal_ore":24,"minecraft:vine":1,"minecraft:cobweb":16,"minecraft:stone":72,"minecraft:oak_leaves":4,"minecraft:deepslate":5},"minecraft:crafted":{"minecraft:wooden_sword":1,"minecraft:wooden_shovel":1,"minecraft:crafting_table":1,"minecraft:spruce_planks":48,"minecraft:wooden_pickaxe":1,"minecraft:iron_sword":1,"minecraft:furnace":2,"minecraft:bone_meal":6,"minecraft:stone_axe":1,"minecraft:bread":7,"minecraft:iron_boots":1,"minecraft:iron_chestplate":1,"minecraft:shield":1,"minecraft:stick":24,"minecraft:iron_leggings":1,"minecraft:iron_ingot":27,"minecraft:iron_pickaxe":1,"minecraft:stone_pickaxe":1,"minecraft:wooden_axe":1,"minecraft:stone_sword":1,"minecraft:torch":28},"minecraft:used":{"minecraft:oak_fence":2,"minecraft:beetroot":7,"minecraft:wheat_seeds":43,"minecraft:stone_sword":17,"gobber2:gobber2_goo":2,"minecraft:stone_pickaxe":114,"gobber2:gobber2_gooey_bread":1,"minecraft:shield":46,"minecraft:wooden_pickaxe":11,"minecraft:iron_sword":137,"minecraft:rotten_flesh":4,"minecraft:torch":28,"minecraft:crafting_table":11,"vinery:dark_cherry_sapling":1,"born_in_chaos_v1:corpse_maggot":8,"minecraft:wooden_axe":2,"gobber2:gobber2_gooey_beefstew":1,"born_in_chaos_v1:monster_flesh":1,"minecraft:bread":7,"minecraft:iron_pickaxe":38,"minecraft:stone_axe":41,"minecraft:cobblestone":36,"vinery:cherry":6,"minecraft:furnace":8,"candlelight:tomato":2,"alexsmobs:animal_dictionary":1,"minecraft:cobbled_deepslate":3,"minecraft:bone_meal":8,"minecraft:brown_bed":1},"minecraft:dropped":{"minecraft:wheat_seeds":27,"minecraft:cobbled_deepslate":4,"minecraft:rotten_flesh":22,"vinery:rotten_cherry":2,"minecraft:coal":1,"supplementaries:ash":3,"gravestone:obituary":11,"minecraft:string":19},"minecraft:killed_by":{"artifacts:mimic":1,"undead_revamp2:thesomnolence":1,"born_in_chaos_v1:corpse_fly":1,"undead_revamp2:theheavy":1,"born_in_chaos_v1:dread_hound":2,"undead_revamp2:thespitter":1},"minecraft:custom":{"minecraft:interact_with_smithing_table":1,"minecraft:interact_with_furnace":28,"minecraft:mob_kills":33,"minecraft:interact_with_crafting_table":23,"minecraft:open_barrel":2,"minecraft:damage_dealt_resisted":136,"minecraft:leave_game":1,"minecraft:time_since_death":4879,"minecraft:sleep_in_bed":2,"minecraft:climb_one_cm":36,"minecraft:time_since_rest":4905,"minecraft:sprint_one_cm":84525,"minecraft:damage_taken":3051,"minecraft:walk_one_cm":200102,"minecraft:damage_blocked_by_shield":1710,"minecraft:drop":63,"minecraft:damage_dealt":6432,"minecraft:talked_to_villager":1,"minecraft:fly_one_cm":68202,"minecraft:open_chest":25,"minecraft:crouch_one_cm":355,"minecraft:play_time":64182,"minecraft:deaths":7,"minecraft:sneak_time":179,"minecraft:walk_under_water_one_cm":6032,"minecraft:jump":805,"minecraft:walk_on_water_one_cm":10042,"minecraft:total_world_time":64182,"minecraft:fall_one_cm":32056}},"DataVersion":3465}