{"stats":{"minecraft:killed":{"alexsmobs:crow":1,"enemyexpansion:direwolf":1,"born_in_chaos_v1:decrepit_skeleton":1},"minecraft:picked_up":{"minecraft:crafting_table":3,"minecraft:raw_iron":11,"minecraft:wheat":15,"minecraft:feather":1,"minecraft:pumpkin":3,"minecraft:gunpowder":2,"minecraft:spruce_log":12,"minecraft:bone":2,"minecraft:wheat_seeds":31,"minecraft:bone_meal":2,"minecraft:coal":25,"minecraft:cobblestone":56},"minecraft:mined":{"minecraft:mossy_cobblestone":1,"minecraft:iron_ore":11,"minecraft:wheat":6,"minecraft:spruce_log":12,"minecraft:pumpkin":3,"minecraft:crafting_table":3,"gravestone:gravestone":1,"minecraft:grass":2,"minecraft:coal_ore":24,"minecraft:tall_grass":1,"minecraft:spruce_leaves":16,"minecraft:stone":48,"minecraft:oak_leaves":4},"minecraft:crafted":{"minecraft:wooden_sword":1,"minecraft:wooden_shovel":1,"minecraft:crafting_table":1,"minecraft:spruce_planks":48,"minecraft:stick":12,"minecraft:iron_ingot":11,"minecraft:wooden_pickaxe":1,"minecraft:stone_pickaxe":1,"minecraft:wooden_axe":1,"minecraft:stone_sword":1,"minecraft:furnace":2,"minecraft:bone_meal":6,"minecraft:stone_axe":1,"minecraft:bread":5},"minecraft:used":{"minecraft:beetroot":7,"minecraft:wooden_axe":2,"minecraft:wheat_seeds":30,"minecraft:stone_sword":17,"minecraft:stone_pickaxe":77,"minecraft:bread":5,"minecraft:wooden_pickaxe":11,"minecraft:stone_axe":27,"minecraft:cobblestone":30,"minecraft:crafting_table":4,"minecraft:furnace":2,"alexsmobs:animal_dictionary":1,"minecraft:bone_meal":8},"minecraft:dropped":{"minecraft:wheat_seeds":1,"minecraft:coal":1},"minecraft:killed_by":{"undead_revamp2:thespitter":1},"minecraft:custom":{"minecraft:interact_with_furnace":9,"minecraft:time_since_rest":14855,"minecraft:sprint_one_cm":50374,"minecraft:damage_taken":580,"minecraft:walk_one_cm":75555,"minecraft:mob_kills":4,"minecraft:drop":2,"minecraft:damage_dealt":761,"minecraft:interact_with_crafting_table":13,"minecraft:talked_to_villager":1,"minecraft:fly_one_cm":40371,"minecraft:open_chest":13,"minecraft:crouch_one_cm":355,"minecraft:play_time":28182,"minecraft:deaths":1,"minecraft:sneak_time":152,"minecraft:walk_under_water_one_cm":1929,"minecraft:jump":389,"minecraft:walk_on_water_one_cm":1598,"minecraft:leave_game":1,"minecraft:time_since_death":16803,"minecraft:sleep_in_bed":1,"minecraft:total_world_time":28182,"minecraft:fall_one_cm":9353}},"DataVersion":3465}