{"stats":{"minecraft:killed":{"born_in_chaos_v1:baby_skeleton":1,"undead_revamp2:theheavy":1,"enemyexpansion:direwolf":1,"born_in_chaos_v1:zombie_bruiser":1,"undead_revamp2:theswarmer":1,"born_in_chaos_v1:decrepit_skeleton":2,"born_in_chaos_v1:maggot":2,"born_in_chaos_v1:bloody_gadfly":1,"minecraft:pillager":1,"undead_revamp2:thesomnolence":3,"minecraft:zombie":2,"born_in_chaos_v1:dread_hound":1,"born_in_chaos_v1:corpse_fly":11,"undead_revamp2:theskeeper":1,"alexsmobs:crow":1},"minecraft:picked_up":{"born_in_chaos_v1:corpse_maggot":8,"minecraft:crafting_table":7,"minecraft:wheat":23,"minecraft:feather":1,"vinery:rotten_cherry":2,"born_in_chaos_v1:monster_flesh":1,"minecraft:glow_ink_sac":1,"minecraft:brown_bed":1,"gravestone:obituary":5,"minecraft:gunpowder":2,"minecraft:string":3,"minecraft:bone":5,"minecraft:wheat_seeds":69,"vinery:cherry":6,"candlelight:tomato":2,"minecraft:furnace":4,"minecraft:raw_iron":11,"minecraft:pumpkin":3,"vinery:dark_cherry_sapling":1,"born_in_chaos_v1:pieceofdarkmetal":1,"minecraft:spruce_log":12,"undead_revamp2:rawbostrox":3,"minecraft:rotten_flesh":21,"minecraft:bone_meal":2,"undead_revamp2:the_somnolenceextract":1,"supplementaries:ash":3,"minecraft:coal":25,"minecraft:cobblestone":71},"minecraft:mined":{"minecraft:mossy_cobblestone":1,"vinery:dark_cherry_leaves":4,"minecraft:crafting_table":7,"gravestone:gravestone":6,"candlelight:wild_tomatoes":2,"minecraft:tall_grass":2,"minecraft:cobblestone":2,"minecraft:spruce_leaves":16,"minecraft:furnace":4,"minecraft:iron_ore":11,"minecraft:wheat":25,"minecraft:spruce_log":12,"minecraft:pumpkin":3,"minecraft:brown_bed":1,"minecraft:grass":4,"minecraft:coal_ore":24,"minecraft:stone":54,"minecraft:oak_leaves":4},"minecraft:crafted":{"minecraft:wooden_sword":1,"minecraft:wooden_shovel":1,"minecraft:crafting_table":1,"minecraft:spruce_planks":48,"minecraft:wooden_pickaxe":1,"minecraft:iron_sword":1,"minecraft:furnace":2,"minecraft:bone_meal":6,"minecraft:stone_axe":1,"minecraft:bread":7,"minecraft:iron_chestplate":1,"minecraft:shield":1,"minecraft:stick":20,"minecraft:iron_ingot":11,"minecraft:stone_pickaxe":1,"minecraft:wooden_axe":1,"minecraft:stone_sword":1,"minecraft:torch":28},"minecraft:used":{"minecraft:beetroot":7,"minecraft:wheat_seeds":43,"minecraft:stone_sword":17,"minecraft:stone_pickaxe":92,"minecraft:shield":38,"minecraft:wooden_pickaxe":11,"minecraft:iron_sword":97,"minecraft:rotten_flesh":4,"minecraft:torch":12,"minecraft:crafting_table":7,"vinery:dark_cherry_sapling":1,"born_in_chaos_v1:corpse_maggot":7,"minecraft:wooden_axe":2,"born_in_chaos_v1:monster_flesh":1,"minecraft:bread":7,"minecraft:stone_axe":34,"minecraft:cobblestone":34,"vinery:cherry":6,"minecraft:furnace":4,"candlelight:tomato":2,"alexsmobs:animal_dictionary":1,"minecraft:bone_meal":8,"minecraft:brown_bed":1},"minecraft:dropped":{"minecraft:wheat_seeds":25,"minecraft:rotten_flesh":12,"vinery:rotten_cherry":2,"minecraft:coal":1,"supplementaries:ash":2,"gravestone:obituary":8,"minecraft:string":1},"minecraft:killed_by":{"undead_revamp2:thesomnolence":1,"born_in_chaos_v1:corpse_fly":1,"undead_revamp2:theheavy":1,"born_in_chaos_v1:dread_hound":2,"undead_revamp2:thespitter":1},"minecraft:custom":{"minecraft:interact_with_furnace":15,"minecraft:mob_kills":31,"minecraft:interact_with_crafting_table":19,"minecraft:damage_dealt_resisted":136,"minecraft:leave_game":1,"minecraft:time_since_death":3976,"minecraft:sleep_in_bed":2,"minecraft:time_since_rest":4092,"minecraft:sprint_one_cm":79198,"minecraft:damage_taken":2431,"minecraft:walk_one_cm":158639,"minecraft:damage_blocked_by_shield":1410,"minecraft:drop":46,"minecraft:damage_dealt":5320,"minecraft:talked_to_villager":1,"minecraft:fly_one_cm":62852,"minecraft:open_chest":25,"minecraft:crouch_one_cm":355,"minecraft:play_time":52182,"minecraft:deaths":6,"minecraft:sneak_time":169,"minecraft:walk_under_water_one_cm":5902,"minecraft:jump":708,"minecraft:walk_on_water_one_cm":8828,"minecraft:total_world_time":52182,"minecraft:fall_one_cm":26962}},"DataVersion":3465}