{"stats":{"minecraft:killed":{"enemyexpansion:direwolf":1,"born_in_chaos_v1:zombie_bruiser":1,"undead_revamp2:theswarmer":1,"born_in_chaos_v1:maggot":2,"artifacts:mimic":1,"born_in_chaos_v1:baby_skeleton":1,"undead_revamp2:the_moonflower":2,"undead_revamp2:theheavy":1,"born_in_chaos_v1:decrepit_skeleton":3,"royalvariations:royal_zombie":1,"minecraft:pillager":1,"born_in_chaos_v1:bloody_gadfly":1,"undead_revamp2:thesomnolence":3,"minecraft:zombie":3,"born_in_chaos_v1:dread_hound":1,"born_in_chaos_v1:corpse_fly":11,"undead_revamp2:theskeeper":1,"alexsmobs:crow":1},"minecraft:picked_up":{"minecraft:crafting_table":11,"minecraft:wheat":23,"minecraft:smithing_table":1,"minecraft:brown_bed":1,"gravestone:obituary":9,"minecraft:string":37,"minecraft:cobbled_deepslate":11,"vinery:cherry":6,"minecraft:furnace":8,"minecraft:raw_iron":35,"minecraft:oak_fence":2,"born_in_chaos_v1:phantom_powder":1,"minecraft:torch":26,"born_in_chaos_v1:pieceofdarkmetal":1,"minecraft:carrot":2,"gobber2:gobber2_foo":2,"minecraft:rotten_flesh":49,"create:veridium":9,"undead_revamp2:the_somnolenceextract":1,"supplementaries:ash":4,"minecraft:cobblestone":89,"born_in_chaos_v1:corpse_maggot":8,"minecraft:feather":1,"born_in_chaos_v1:monster_flesh":1,"vinery:rotten_cherry":2,"minecraft:glow_ink_sac":1,"gobber2:gobber2_gooey_beefstew":5,"minecraft:yellow_bed":2,"minecraft:gunpowder":2,"minecraft:bone":11,"gobber2:gobber2_gooey_beef":3,"minecraft:wheat_seeds":70,"minecraft:raw_gold":3,"minecraft:iron_ingot":2,"minecraft:stone_pickaxe":1,"candlelight:tomato":2,"artifacts:steadfast_spikes":2,"gobber2:gobber2_gooey_bread":2,"minecraft:pumpkin":3,"vinery:dark_cherry_sapling":1,"minecraft:spruce_log":12,"artifacts:plastic_drinking_hat":1,"minecraft:mossy_cobblestone":1,"butcher:sulfur":9,"undead_revamp2:rawbostrox":3,"minecraft:diamond":2,"minecraft:bone_meal":2,"minecraft:coal":38,"gobber2:gobber2_goo":6},"minecraft:mined":{"minecraft:tuff":6,"minecraft:mossy_cobblestone":2,"minecraft:deepslate_diamond_ore":2,"vinery:dark_cherry_leaves":4,"gravestone:gravestone":8,"gobber2:gobber2_lucky_block":6,"minecraft:spruce_leaves":16,"minecraft:furnace":8,"minecraft:iron_ore":29,"minecraft:cobbled_deepslate":2,"minecraft:pumpkin":3,"minecraft:brown_bed":1,"minecraft:deepslate_iron_ore":6,"minecraft:vine":1,"minecraft:stone":74,"create:veridium":22,"minecraft:smithing_table":1,"minecraft:oak_fence":2,"minecraft:crafting_table":11,"minecraft:torch":23,"candlelight:wild_tomatoes":2,"minecraft:cobblestone":2,"minecraft:tall_grass":2,"minecraft:deepslate_gold_ore":3,"minecraft:wall_torch":2,"supplementaries:urn":1,"minecraft:wheat":25,"minecraft:spruce_log":12,"butcher:sulfurore":3,"gobber2:gobber2_lucky_block_deepslate":12,"minecraft:yellow_bed":2,"minecraft:grass":4,"minecraft:coal_ore":24,"minecraft:cobweb":17,"minecraft:oak_leaves":4,"minecraft:deepslate":10},"minecraft:crafted":{"minecraft:wooden_sword":1,"minecraft:furnace":2,"minecraft:bone_meal":24,"minecraft:iron_boots":1,"minecraft:stone_pickaxe":1,"minecraft:wooden_shovel":1,"minecraft:crafting_table":1,"minecraft:spruce_planks":48,"minecraft:wooden_pickaxe":1,"minecraft:iron_sword":1,"minecraft:stone_axe":1,"minecraft:bread":7,"minecraft:iron_chestplate":1,"minecraft:shield":1,"minecraft:stick":24,"minecraft:iron_ingot":27,"minecraft:iron_pickaxe":1,"minecraft:wooden_axe":1,"minecraft:stone_sword":1,"minecraft:iron_leggings":1,"minecraft:torch":28},"minecraft:used":{"minecraft:beetroot":7,"minecraft:oak_fence":2,"minecraft:stone_sword":17,"gobber2:gobber2_goo":2,"gobber2:gobber2_gooey_bread":2,"minecraft:shield":50,"minecraft:iron_sword":163,"minecraft:rotten_flesh":4,"minecraft:torch":52,"vinery:dark_cherry_sapling":1,"born_in_chaos_v1:corpse_maggot":8,"minecraft:wooden_axe":2,"gobber2:gobber2_gooey_beef":1,"minecraft:furnace":8,"candlelight:tomato":2,"minecraft:cobbled_deepslate":3,"minecraft:brown_bed":1,"minecraft:wheat_seeds":43,"minecraft:stone_pickaxe":114,"minecraft:wooden_pickaxe":11,"minecraft:crafting_table":11,"gobber2:gobber2_gooey_beefstew":3,"born_in_chaos_v1:monster_flesh":1,"minecraft:bread":7,"minecraft:iron_pickaxe":97,"minecraft:stone_axe":41,"minecraft:cobblestone":36,"vinery:cherry":6,"minecraft:yellow_bed":1,"alexsmobs:animal_dictionary":1,"minecraft:bone_meal":8},"minecraft:dropped":{"minecraft:wheat_seeds":27,"minecraft:glow_ink_sac":1,"vinery:rotten_cherry":2,"minecraft:coal":1,"gravestone:obituary":13,"minecraft:string":19,"minecraft:cobbled_deepslate":4,"minecraft:rotten_flesh":42,"supplementaries:ash":3,"create:veridium":9,"minecraft:stone_pickaxe":2},"minecraft:killed_by":{"undead_revamp2:the_moonflower":1,"undead_revamp2:thesomnolence":1,"born_in_chaos_v1:corpse_fly":1,"undead_revamp2:thespitter":1,"artifacts:mimic":1,"undead_revamp2:theheavy":1,"born_in_chaos_v1:dread_hound":2},"minecraft:custom":{"minecraft:interact_with_smithing_table":1,"minecraft:mob_kills":37,"minecraft:interact_with_crafting_table":23,"minecraft:open_barrel":4,"minecraft:damage_dealt_resisted":136,"minecraft:time_since_death":7260,"minecraft:leave_game":1,"minecraft:climb_one_cm":36,"minecraft:sprint_one_cm":107368,"minecraft:walk_one_cm":276261,"minecraft:damage_blocked_by_shield":1905,"minecraft:drop":77,"minecraft:talked_to_villager":1,"minecraft:play_time":76182,"minecraft:deaths":8,"minecraft:sneak_time":444,"minecraft:walk_under_water_one_cm":6032,"minecraft:jump":886,"minecraft:walk_on_water_one_cm":10042,"minecraft:total_world_time":76182,"minecraft:interact_with_furnace":29,"minecraft:sleep_in_bed":2,"minecraft:time_since_rest":7288,"minecraft:damage_taken":3437,"minecraft:damage_dealt":7343,"minecraft:fly_one_cm":69274,"minecraft:open_chest":25,"minecraft:crouch_one_cm":1147,"minecraft:fall_one_cm":32689}},"DataVersion":3465}