{"stats":{"minecraft:crafted":{"minecraft:wooden_sword":1,"minecraft:wooden_shovel":1,"minecraft:crafting_table":1,"minecraft:spruce_planks":20,"minecraft:stick":12,"minecraft:wooden_pickaxe":1,"minecraft:stone_pickaxe":1,"minecraft:wooden_axe":1,"minecraft:stone_sword":1,"minecraft:furnace":1,"minecraft:bone_meal":6,"minecraft:stone_axe":1,"minecraft:bread":5},"minecraft:custom":{"minecraft:time_since_rest":8746,"minecraft:sprint_one_cm":47588,"minecraft:damage_taken":435,"minecraft:walk_one_cm":58790,"minecraft:mob_kills":2,"minecraft:drop":1,"minecraft:damage_dealt":330,"minecraft:talked_to_villager":1,"minecraft:interact_with_crafting_table":8,"minecraft:fly_one_cm":34683,"minecraft:open_chest":7,"minecraft:crouch_one_cm":316,"minecraft:play_time":22073,"minecraft:deaths":1,"minecraft:sneak_time":82,"minecraft:jump":247,"minecraft:time_since_death":10694,"minecraft:sleep_in_bed":1,"minecraft:total_world_time":22073,"minecraft:fall_one_cm":5450},"minecraft:killed_by":{"undead_revamp2:thespitter":1},"minecraft:mined":{"minecraft:mossy_cobblestone":1,"minecraft:iron_ore":1,"minecraft:wheat":6,"minecraft:spruce_log":5,"minecraft:pumpkin":3,"minecraft:crafting_table":3,"gravestone:gravestone":1,"minecraft:grass":1,"minecraft:coal_ore":24,"minecraft:tall_grass":1,"minecraft:stone":48,"minecraft:oak_leaves":4},"minecraft:dropped":{"minecraft:wheat_seeds":1},"minecraft:picked_up":{"minecraft:wheat":15,"minecraft:crafting_table":3,"minecraft:raw_iron":1,"minecraft:pumpkin":3,"minecraft:gunpowder":2,"minecraft:spruce_log":5,"minecraft:bone":2,"minecraft:wheat_seeds":31,"minecraft:bone_meal":2,"minecraft:coal":24,"minecraft:cobblestone":54},"minecraft:killed":{"enemyexpansion:direwolf":1},"minecraft:used":{"minecraft:wheat_seeds":30,"minecraft:beetroot":7,"minecraft:wooden_axe":2,"minecraft:stone_sword":9,"minecraft:bread":2,"minecraft:stone_pickaxe":67,"minecraft:wooden_pickaxe":11,"minecraft:stone_axe":1,"minecraft:cobblestone":1,"minecraft:crafting_table":4,"minecraft:furnace":1,"alexsmobs:animal_dictionary":1,"minecraft:bone_meal":8}},"DataVersion":3465}