{"stats":{"minecraft:used":{"minecraft:stone_sword":133,"wildberries:strawberry":15,"minecraft:iron_sword":82,"meadow:pine_sapling":2,"minecraft:stick":1,"minecraft:torch":13,"minecraft:dirt":146,"minecraft:white_carpet":12,"meadow:cobbled_limestone":10,"minecraft:wooden_axe":6,"minecraft:lantern":1,"minecraft:stone_bricks":1,"minecraft:furnace":2,"candlelight:tomato":5,"minecraft:cooked_beef":6,"farmersdelight:iron_knife":5,"revampedpiles:spruce_ladder":1,"minecraft:stone_pickaxe":110,"minecraft:wooden_pickaxe":11,"luminousworld:groundpebbles_1":1,"minecraft:spruce_sign":3,"bakery:sandwich":7,"minecraft:crafting_table":6,"minecraft:campfire":1,"minecraft:shears":1,"minecraft:dark_oak_door":1,"minecraft:iron_pickaxe":15,"minecraft:stone_axe":22,"minecraft:cobblestone":29,"minecraft:cooked_porkchop":4,"meadow:pine_log":11,"alexsmobs:animal_dictionary":1},"minecraft:broken":{"minecraft:wooden_axe":1},"minecraft:custom":{"minecraft:mob_kills":32,"minecraft:interact_with_crafting_table":37,"minecraft:open_barrel":8,"minecraft:damage_dealt_resisted":227,"minecraft:leave_game":2,"minecraft:time_since_death":13798,"minecraft:climb_one_cm":2897,"minecraft:sprint_one_cm":289410,"minecraft:walk_one_cm":243517,"minecraft:drop":14,"minecraft:play_time":156083,"minecraft:deaths":5,"minecraft:sneak_time":3342,"minecraft:walk_under_water_one_cm":4484,"minecraft:jump":1623,"minecraft:interact_with_brewingstand":1,"minecraft:walk_on_water_one_cm":8017,"minecraft:total_world_time":156083,"minecraft:interact_with_furnace":61,"minecraft:sleep_in_bed":3,"minecraft:time_since_rest":13177,"minecraft:damage_taken":2850,"minecraft:damage_dealt":5534,"minecraft:swim_one_cm":8806,"minecraft:fly_one_cm":290659,"minecraft:open_chest":11,"minecraft:crouch_one_cm":9440,"minecraft:fall_one_cm":50590,"minecraft:horse_one_cm":38},"minecraft:dropped":{"minecraft:dirt":1,"candlelight:tomato":2,"gravestone:obituary":2,"minecraft:string":4,"minecraft:stone_sword":1,"alexsmobs:animal_dictionary":2,"wildberries:strawberry":1,"pizzacraft:pineapple_seeds":1,"farmersdelight:ham":1,"artifacts:snowshoes":1},"minecraft:killed":{"born_in_chaos_v1:pumpkin_spirit":1,"minecraft:spider":2,"born_in_chaos_v1:maggot":3,"undead_revamp2:therod":1,"undead_revamp2:sucker":2,"minecraft:pig":8,"undead_revamp2:the_moonflower":2,"enemyexpansion:sprinter":1,"undead_revamp2:thebeartamer":1,"born_in_chaos_v1:bloody_gadfly":1,"minecraft:zombie":1,"born_in_chaos_v1:door_knight":2,"enemyexpansion:wasp":1,"minecraft:cow":6},"minecraft:mined":{"luminousworld:groundpebbles_1":1,"meadow:alpine_salt_ore":1,"farmersdelight:wild_carrots":2,"minecraft:dark_oak_log":2,"gravestone:gravestone":5,"minecraft:grass_block":140,"meadow:pine_log":10,"luminousworld:grassvariant_2":1,"minecraft:spruce_leaves":3,"minecraft:raw_iron_block":2,"minecraft:iron_ore":14,"meadow:eriophorum":1,"ancient_elements:tin_ore":4,"supplementaries:stick":1,"crittersandcompanions:silk_cocoon":1,"minecraft:bamboo":1,"minecraft:stone":37,"minecraft:light_gray_carpet":3,"minecraft:crafting_table":5,"minecraft:torch":2,"minecraft:emerald_ore":3,"candlelight:wild_tomatoes":7,"minecraft:tall_grass":20,"minecraft:cobblestone":14,"wildberries:raspberry_bush":1,"minecraft:pink_petals":2,"minecraft:white_carpet":13,"minecraft:spruce_log":6,"minecraft:birch_leaves":1,"meadow:limestone":10,"minecraft:grass":22,"minecraft:coal_ore":43,"minecraft:dirt":10,"minecraft:stone_bricks":1,"minecraft:fern":3},"minecraft:crafted":{"minecraft:raw_iron":18,"minecraft:furnace":2,"quark:dark_oak_chest":1,"minecraft:dark_oak_door":3,"minecraft:iron_boots":1,"minecraft:stone_pickaxe":1,"minecraft:chest":1,"minecraft:dark_oak_planks":32,"minecraft:cooked_beef":13,"sophisticatedbackpacks:backpack":1,"minecraft:cooked_porkchop":16,"bakery:sandwich":8,"minecraft:crafting_table":2,"minecraft:spruce_planks":24,"farmersdelight:iron_knife":1,"minecraft:wooden_pickaxe":1,"minecraft:iron_helmet":1,"minecraft:iron_sword":1,"minecraft:campfire":1,"minecraft:stone_axe":1,"minecraft:air":0,"minecraft:iron_chestplate":1,"minecraft:charcoal":18,"minecraft:shield":1,"minecraft:stick":4,"minecraft:iron_ingot":32,"minecraft:iron_pickaxe":1,"minecraft:wooden_axe":1,"minecraft:stone_sword":1,"minecraft:iron_leggings":1,"minecraft:torch":12,"minecraft:shears":1},"minecraft:picked_up":{"luminousworld:groundpebbles_1":1,"minecraft:crafting_table":5,"vinery:taiga_grapes_white":5,"enemyexpansion:wasp_thorax":1,"gravestone:obituary":2,"minecraft:string":4,"wildberries:raspberry":36,"wildberries:strawberry":18,"minecraft:white_carpet":13,"minecraft:beef":13,"candlelight:tomato_seeds":2,"minecraft:iron_nugget":2,"meadow:alpine_salt":1,"pizzacraft:corn":1,"minecraft:dark_oak_sapling":33,"minecraft:stick":40,"minecraft:raw_iron":14,"pizzacraft:pineapple_seeds":1,"minecraft:copper_ingot":1,"minecraft:torch":2,"minecraft:porkchop":19,"ancient_elements:raw_tin":4,"born_in_chaos_v1:pieceofdarkmetal":1,"minecraft:carrot":3,"minecraft:rotten_flesh":10,"crittersandcompanions:silk":4,"artifacts:snowshoes":2,"minecraft:cobblestone":53,"minecraft:birch_log":26,"minecraft:pink_petals":7,"minecraft:leather":4,"wildberries:blackberry":9,"minecraft:dirt":147,"minecraft:lantern":1,"minecraft:bone":1,"minecraft:stone_bricks":1,"minecraft:wheat_seeds":4,"pizzacraft:tomato":1,"meadow:pine_sapling":3,"candlelight:tomato":7,"meadow:cobbled_limestone":10,"meadow:eriophorum":1,"minecraft:bamboo":10,"minecraft:honeycomb":3,"born_in_chaos_v1:ethereal_spirit":1,"minecraft:raw_iron_block":2,"vinery:white_grape":1,"minecraft:spruce_sapling":9,"minecraft:spruce_log":64,"farmersdelight:ham":1,"meadow:pine_log":23,"minecraft:dark_oak_log":54,"alexsmobs:animal_dictionary":2,"pizzacraft:onion":1,"minecraft:spruce_sign":3,"minecraft:emerald":3,"minecraft:light_gray_carpet":3,"minecraft:coal":45,"revampedpiles:spruce_ladder":1},"minecraft:killed_by":{"undead_revamp2:therod":2,"minecraft:skeleton":1,"undead_revamp2:thebeartamer":1}},"DataVersion":3465}