{"stats":{"minecraft:killed":{"enemyexpansion:meature":1,"born_in_chaos_v1:zombie_lumberjack":1,"born_in_chaos_v1:zombie_bruiser":1,"born_in_chaos_v1:maggot":4},"minecraft:picked_up":{"born_in_chaos_v1:corpse_maggot":2,"minecraft:crafting_table":2,"minecraft:jungle_log":1,"wildberries:blackberry":3,"minecraft:oak_log":15,"minecraft:cherry_log":1,"minecraft:dirt":8,"minecraft:rotten_flesh":8,"luminousworld:yellow_grassflowers":1,"minecraft:oak_sapling":2,"minecraft:chest":1,"minecraft:coal":8,"minecraft:cobblestone":24},"minecraft:mined":{"minecraft:tall_seagrass":1,"luminousworld:yellow_grassflowers":1,"luminousworld:grassvariant_4":1,"minecraft:crafting_table":2,"gravestone:gravestone":1,"minecraft:grass":1,"minecraft:grass_block":1,"minecraft:coal_ore":2,"minecraft:oak_log":3,"minecraft:chest":1,"minecraft:dirt":7,"luminousworld:grassvariant_3":1,"minecraft:stone":6},"minecraft:crafted":{"minecraft:oak_planks":32,"minecraft:crafting_table":1,"minecraft:stick":8,"quark:oak_chest":1,"minecraft:wooden_pickaxe":1,"minecraft:wooden_axe":1,"minecraft:chest":1,"ancient_elements:stone_hammer":1,"minecraft:torch":8},"minecraft:used":{"ancient_elements:stone_hammer":24,"minecraft:wooden_axe":13,"wildberries:blackberry":2,"minecraft:chest":1,"minecraft:wooden_pickaxe":5,"minecraft:torch":1,"minecraft:dirt":1,"minecraft:crafting_table":3},"minecraft:dropped":{"minecraft:oak_sapling":1,"gravestone:obituary":1},"minecraft:killed_by":{"enemyexpansion:huntsman":1},"minecraft:custom":{"minecraft:time_since_rest":5063,"minecraft:sprint_one_cm":8870,"minecraft:damage_taken":400,"minecraft:walk_one_cm":18225,"minecraft:mob_kills":7,"minecraft:drop":2,"minecraft:damage_dealt":1320,"minecraft:interact_with_crafting_table":7,"minecraft:swim_one_cm":4584,"minecraft:fly_one_cm":5510,"minecraft:open_chest":15,"minecraft:crouch_one_cm":161,"minecraft:play_time":15269,"minecraft:deaths":1,"minecraft:sneak_time":481,"minecraft:walk_under_water_one_cm":4025,"minecraft:jump":45,"minecraft:leave_game":1,"minecraft:time_since_death":5028,"minecraft:walk_on_water_one_cm":5971,"minecraft:total_world_time":15269,"minecraft:fall_one_cm":1691}},"DataVersion":3465}