{"stats":{"minecraft:used":{"revampedpiles:spruce_ladder":1,"minecraft:stone_sword":133,"minecraft:stone_pickaxe":82,"wildberries:strawberry":6,"minecraft:wooden_pickaxe":11,"minecraft:iron_sword":38,"minecraft:spruce_sign":3,"luminousworld:groundpebbles_1":1,"meadow:pine_sapling":2,"minecraft:torch":13,"bakery:sandwich":2,"minecraft:dirt":137,"minecraft:white_carpet":12,"minecraft:crafting_table":5,"minecraft:dark_oak_door":1,"minecraft:wooden_axe":6,"minecraft:lantern":1,"minecraft:iron_pickaxe":1,"minecraft:stone_bricks":1,"minecraft:stone_axe":11,"minecraft:cobblestone":18,"minecraft:furnace":2,"minecraft:cooked_porkchop":4,"candlelight:tomato":5,"alexsmobs:animal_dictionary":1,"minecraft:cooked_beef":6},"minecraft:broken":{"minecraft:wooden_axe":1},"minecraft:custom":{"minecraft:interact_with_furnace":55,"minecraft:mob_kills":25,"minecraft:interact_with_crafting_table":34,"minecraft:open_barrel":8,"minecraft:damage_dealt_resisted":99,"minecraft:leave_game":2,"minecraft:time_since_death":49750,"minecraft:sleep_in_bed":2,"minecraft:climb_one_cm":2733,"minecraft:time_since_rest":6435,"minecraft:damage_taken":2290,"minecraft:sprint_one_cm":214469,"minecraft:walk_one_cm":190734,"minecraft:drop":13,"minecraft:damage_dealt":4372,"minecraft:swim_one_cm":3943,"minecraft:fly_one_cm":227696,"minecraft:open_chest":11,"minecraft:crouch_one_cm":7822,"minecraft:play_time":132083,"minecraft:deaths":4,"minecraft:sneak_time":2664,"minecraft:walk_under_water_one_cm":4286,"minecraft:jump":1242,"minecraft:interact_with_brewingstand":1,"minecraft:walk_on_water_one_cm":7485,"minecraft:total_world_time":132083,"minecraft:fall_one_cm":40527,"minecraft:horse_one_cm":38},"minecraft:dropped":{"minecraft:stone_sword":1,"alexsmobs:animal_dictionary":2,"wildberries:strawberry":1,"minecraft:dirt":1,"candlelight:tomato":2,"gravestone:obituary":2,"pizzacraft:pineapple_seeds":1,"minecraft:string":4,"artifacts:snowshoes":1},"minecraft:killed":{"minecraft:pig":6,"born_in_chaos_v1:pumpkin_spirit":1,"minecraft:spider":1,"undead_revamp2:the_moonflower":2,"undead_revamp2:thebeartamer":1,"born_in_chaos_v1:maggot":2,"born_in_chaos_v1:bloody_gadfly":1,"minecraft:zombie":1,"undead_revamp2:therod":1,"born_in_chaos_v1:door_knight":1,"undead_revamp2:sucker":1,"enemyexpansion:wasp":1,"minecraft:cow":6},"minecraft:mined":{"luminousworld:groundpebbles_1":1,"minecraft:light_gray_carpet":3,"farmersdelight:wild_carrots":2,"minecraft:dark_oak_log":2,"minecraft:crafting_table":4,"minecraft:torch":2,"gravestone:gravestone":4,"minecraft:grass_block":140,"candlelight:wild_tomatoes":7,"luminousworld:grassvariant_2":1,"minecraft:tall_grass":19,"minecraft:cobblestone":14,"minecraft:spruce_leaves":3,"minecraft:pink_petals":1,"minecraft:raw_iron_block":2,"minecraft:iron_ore":14,"minecraft:white_carpet":13,"minecraft:spruce_log":6,"minecraft:birch_leaves":1,"ancient_elements:tin_ore":4,"minecraft:grass":18,"minecraft:coal_ore":18,"minecraft:dirt":10,"minecraft:stone_bricks":1,"minecraft:stone":37,"minecraft:fern":2},"minecraft:picked_up":{"minecraft:birch_log":26,"minecraft:pink_petals":3,"luminousworld:groundpebbles_1":1,"minecraft:crafting_table":4,"vinery:taiga_grapes_white":5,"minecraft:leather":4,"enemyexpansion:wasp_thorax":1,"gravestone:obituary":2,"minecraft:dirt":147,"minecraft:string":3,"minecraft:lantern":1,"minecraft:white_carpet":13,"wildberries:strawberry":18,"minecraft:bone":1,"minecraft:stone_bricks":1,"minecraft:wheat_seeds":4,"meadow:pine_sapling":3,"pizzacraft:tomato":1,"minecraft:beef":13,"candlelight:tomato_seeds":2,"candlelight:tomato":7,"pizzacraft:corn":1,"minecraft:dark_oak_sapling":33,"minecraft:stick":39,"minecraft:raw_iron":14,"pizzacraft:pineapple_seeds":1,"minecraft:copper_ingot":1,"minecraft:torch":2,"born_in_chaos_v1:ethereal_spirit":1,"minecraft:raw_iron_block":2,"vinery:white_grape":1,"minecraft:porkchop":13,"ancient_elements:raw_tin":4,"minecraft:spruce_sapling":9,"minecraft:carrot":2,"born_in_chaos_v1:pieceofdarkmetal":1,"minecraft:spruce_log":64,"meadow:pine_log":13,"minecraft:dark_oak_log":54,"alexsmobs:animal_dictionary":2,"pizzacraft:onion":1,"minecraft:rotten_flesh":5,"artifacts:snowshoes":2,"minecraft:spruce_sign":3,"minecraft:light_gray_carpet":3,"minecraft:coal":18,"minecraft:cobblestone":53,"revampedpiles:spruce_ladder":1},"minecraft:crafted":{"minecraft:cooked_beef":13,"minecraft:raw_iron":18,"sophisticatedbackpacks:backpack":1,"bakery:sandwich":3,"minecraft:cooked_porkchop":9,"minecraft:crafting_table":2,"minecraft:spruce_planks":24,"farmersdelight:iron_knife":1,"minecraft:iron_helmet":1,"minecraft:wooden_pickaxe":1,"minecraft:iron_sword":1,"minecraft:furnace":2,"minecraft:stone_axe":1,"minecraft:air":0,"quark:dark_oak_chest":1,"minecraft:dark_oak_door":3,"minecraft:iron_boots":1,"minecraft:iron_chestplate":1,"minecraft:charcoal":18,"minecraft:shield":1,"minecraft:stick":4,"minecraft:iron_ingot":32,"minecraft:iron_pickaxe":1,"minecraft:stone_pickaxe":1,"minecraft:wooden_axe":1,"minecraft:stone_sword":1,"minecraft:chest":1,"minecraft:iron_leggings":1,"minecraft:dark_oak_planks":32,"minecraft:torch":12},"minecraft:killed_by":{"undead_revamp2:therod":2,"minecraft:skeleton":1,"undead_revamp2:thebeartamer":1}},"DataVersion":3465}