{"stats":{"minecraft:killed":{"born_in_chaos_v1:pumpkin_spirit":1,"minecraft:spider":3,"born_in_chaos_v1:maggot":3,"minecraft:skeleton":2,"undead_revamp2:therod":1,"undead_revamp2:sucker":2,"minecraft:pig":9,"minecraft:zombie_villager":1,"undead_revamp2:the_moonflower":2,"enemyexpansion:sprinter":1,"minecraft:wandering_trader":1,"undead_revamp2:thebeartamer":1,"born_in_chaos_v1:bloody_gadfly":1,"minecraft:zombie":2,"enemyexpansion:botfly":2,"born_in_chaos_v1:door_knight":2,"luminousworld:dark_oak_zombie":1,"enemyexpansion:wasp":1,"minecraft:cow":6},"minecraft:mined":{"create:zinc_ore":7,"luminousworld:groundpebbles_1":1,"meadow:alpine_salt_ore":1,"farmersdelight:wild_carrots":2,"minecraft:dark_oak_log":2,"gravestone:gravestone":10,"minecraft:grass_block":144,"minecraft:decorated_pot":1,"meadow:pine_log":10,"luminousworld:grassvariant_2":1,"minecraft:spruce_leaves":3,"minecraft:large_fern":1,"minecraft:raw_iron_block":2,"minecraft:iron_ore":20,"luminousworld:mossbuds_3":1,"ancient_elements:tin_ore":4,"meadow:eriophorum":1,"realmrpg_skeletons:devastated_skeleton":1,"supplementaries:stick":1,"crittersandcompanions:silk_cocoon":1,"minecraft:azalea_leaves":1,"minecraft:bamboo":1,"minecraft:stone":48,"minecraft:light_gray_carpet":3,"minecraft:crafting_table":6,"minecraft:torch":2,"minecraft:emerald_ore":3,"candlelight:wild_tomatoes":7,"minecraft:tall_grass":21,"minecraft:cobblestone":14,"wildberries:raspberry_bush":1,"minecraft:wall_torch":1,"minecraft:pink_petals":2,"minecraft:white_carpet":13,"minecraft:spruce_log":6,"minecraft:birch_leaves":1,"meadow:limestone":10,"minecraft:grass":27,"minecraft:coal_ore":139,"minecraft:dirt":17,"minecraft:stone_bricks":1,"minecraft:fern":4},"minecraft:broken":{"minecraft:wooden_axe":1},"minecraft:dropped":{"minecraft:stick":23,"minecraft:dirt":1,"candlelight:tomato":2,"gravestone:obituary":2,"minecraft:string":4,"minecraft:stone_axe":1,"alexsmobs:animal_dictionary":2,"minecraft:stone_sword":1,"wildberries:strawberry":1,"create:zinc_ingot":14,"pizzacraft:pineapple_seeds":1,"minecraft:bow":1,"farmersdelight:ham":1,"artifacts:snowshoes":1,"minecraft:brick":1},"minecraft:custom":{"minecraft:mob_kills":44,"minecraft:interact_with_crafting_table":41,"minecraft:open_barrel":8,"minecraft:damage_dealt_resisted":245,"minecraft:leave_game":5,"minecraft:time_since_death":0,"minecraft:climb_one_cm":4377,"minecraft:sprint_one_cm":421333,"minecraft:walk_one_cm":345453,"minecraft:damage_blocked_by_shield":90,"minecraft:drop":20,"minecraft:talked_to_villager":1,"minecraft:play_time":228902,"minecraft:deaths":11,"minecraft:sneak_time":3984,"minecraft:walk_under_water_one_cm":26715,"minecraft:jump":2369,"minecraft:interact_with_brewingstand":1,"minecraft:interact_with_blast_furnace":6,"minecraft:walk_on_water_one_cm":17488,"minecraft:total_world_time":228902,"minecraft:interact_with_furnace":80,"minecraft:sleep_in_bed":8,"minecraft:time_since_rest":214,"minecraft:damage_taken":5243,"minecraft:damage_dealt":7334,"minecraft:swim_one_cm":34927,"minecraft:fly_one_cm":409859,"minecraft:open_chest":11,"minecraft:crouch_one_cm":10592,"minecraft:fall_one_cm":69671,"minecraft:horse_one_cm":38},"minecraft:used":{"minecraft:stone_sword":133,"minecraft:stone_shovel":3,"wildberries:strawberry":15,"minecraft:shield":2,"minecraft:iron_sword":129,"meadow:pine_sapling":2,"wildberries:raspberry":2,"minecraft:stick":1,"minecraft:torch":47,"minecraft:dirt":157,"minecraft:white_carpet":12,"meadow:cobbled_limestone":10,"minecraft:wooden_axe":6,"minecraft:lantern":1,"minecraft:stone_bricks":1,"minecraft:furnace":2,"candlelight:tomato":5,"minecraft:cooked_beef":6,"farmersdelight:iron_knife":10,"revampedpiles:spruce_ladder":1,"minecraft:stone_pickaxe":110,"minecraft:wooden_pickaxe":11,"luminousworld:white_oak_plank":4,"minecraft:spruce_sign":3,"luminousworld:groundpebbles_1":1,"bakery:sandwich":18,"minecraft:crafting_table":8,"minecraft:campfire":1,"minecraft:shears":1,"minecraft:dark_oak_door":1,"minecraft:iron_pickaxe":139,"farmersdelight:ham":1,"minecraft:stone_axe":24,"minecraft:cobblestone":32,"minecraft:cooked_porkchop":6,"alexsmobs:animal_dictionary":1,"meadow:pine_log":11},"minecraft:crafted":{"minecraft:raw_iron":18,"minecraft:stone_shovel":1,"minecraft:furnace":2,"quark:dark_oak_chest":1,"minecraft:dark_oak_door":3,"minecraft:iron_boots":1,"luminousworld:white_oak_plank":4,"minecraft:stone_pickaxe":1,"minecraft:chest":1,"minecraft:dark_oak_planks":32,"minecraft:cooked_beef":13,"sophisticatedbackpacks:backpack":1,"bakery:sandwich":18,"minecraft:cooked_porkchop":19,"minecraft:crafting_table":2,"minecraft:spruce_planks":24,"farmersdelight:iron_knife":1,"minecraft:wooden_pickaxe":1,"minecraft:iron_helmet":1,"minecraft:iron_sword":1,"minecraft:campfire":1,"minecraft:stone_axe":1,"minecraft:air":0,"minecraft:iron_chestplate":1,"minecraft:charcoal":18,"minecraft:shield":1,"minecraft:stick":20,"minecraft:iron_ingot":32,"minecraft:iron_pickaxe":1,"minecraft:wooden_axe":1,"minecraft:stone_sword":1,"minecraft:iron_leggings":1,"minecraft:torch":76,"create:zinc_ingot":19,"minecraft:shears":1},"minecraft:picked_up":{"luminousworld:groundpebbles_1":1,"minecraft:crafting_table":6,"vinery:red_grape":4,"luminousworld:blackberry":3,"vinery:taiga_grapes_white":5,"enemyexpansion:wasp_thorax":1,"gravestone:obituary":2,"minecraft:brick":1,"minecraft:string":4,"wildberries:raspberry":66,"wildberries:strawberry":18,"minecraft:white_carpet":13,"minecraft:beef":13,"candlelight:tomato_seeds":2,"minecraft:iron_nugget":2,"meadow:alpine_salt":1,"crittersandcompanions:clam":1,"pizzacraft:corn":2,"minecraft:dark_oak_sapling":33,"minecraft:stick":41,"minecraft:raw_iron":20,"pizzacraft:pineapple_seeds":1,"minecraft:copper_ingot":1,"minecraft:torch":3,"sophisticatedbackpacks:backpack":1,"minecraft:porkchop":22,"ancient_elements:raw_tin":4,"minecraft:diorite":2,"born_in_chaos_v1:pieceofdarkmetal":1,"minecraft:carrot":3,"luminousworld:white_oak_sapling":1,"minecraft:arrow":3,"minecraft:rotten_flesh":12,"crittersandcompanions:silk":4,"artifacts:snowshoes":3,"wandering_bags:wandering_bag":1,"minecraft:cobblestone":64,"minecraft:birch_log":26,"born_in_chaos_v1:corpse_maggot":1,"minecraft:pink_petals":7,"minecraft:leather":4,"wildberries:blackberry":38,"minecraft:flint":3,"create:raw_zinc":7,"pizzacraft:broccoli_seeds":2,"minecraft:dirt":158,"minecraft:lantern":1,"pizzacraft:cucumber_seeds":1,"minecraft:bone":5,"minecraft:stone_bricks":1,"minecraft:bow":1,"minecraft:wheat_seeds":7,"minecraft:iron_ingot":1,"meadow:pine_sapling":3,"pizzacraft:tomato":1,"candlelight:tomato":7,"meadow:cobbled_limestone":10,"meadow:eriophorum":1,"minecraft:bamboo":10,"minecraft:moss_block":1,"minecraft:honeycomb":3,"born_in_chaos_v1:ethereal_spirit":1,"minecraft:raw_iron_block":2,"vinery:white_grape":1,"minecraft:spruce_sapling":9,"minecraft:spruce_log":64,"alexsmobs:animal_dictionary":2,"farmersdelight:ham":2,"meadow:pine_log":23,"minecraft:dark_oak_log":54,"luminousworld:whiteoaklog":10,"pizzacraft:onion":1,"minecraft:stone_axe":1,"minecraft:spruce_sign":3,"minecraft:emerald":3,"minecraft:light_gray_carpet":3,"minecraft:coal":141,"revampedpiles:spruce_ladder":1},"minecraft:killed_by":{"minecraft:drowned":3,"undead_revamp2:thehorrors":1,"undead_revamp2:therod":2,"minecraft:skeleton":1,"enemyexpansion:wasp":1,"born_in_chaos_v1:missioner":1,"undead_revamp2:thebeartamer":1}},"DataVersion":3465}