{"stats":{"minecraft:mined":{"minecraft:grass_block":4,"luminousworld:groundpebbles_1":1,"luminousworld:snowgrass":1,"minecraft:dirt":1,"luminousworld:groundpebbles_2":2,"minecraft:spruce_log":1,"treechop:chopped_log":2},"minecraft:custom":{"minecraft:open_barrel":5,"minecraft:open_chest":8,"minecraft:time_since_rest":15158,"minecraft:play_time":16706,"minecraft:crouch_one_cm":871,"minecraft:sprint_one_cm":22587,"minecraft:walk_one_cm":16032,"minecraft:damage_taken":530,"minecraft:deaths":1,"minecraft:sneak_time":311,"minecraft:jump":142,"minecraft:time_since_death":15131,"minecraft:total_world_time":16706,"minecraft:interact_with_crafting_table":1,"minecraft:fall_one_cm":8524,"minecraft:fly_one_cm":34821},"minecraft:picked_up":{"luminousworld:groundpebbles_1":4,"minecraft:spruce_log":6,"minecraft:dirt":5},"minecraft:crafted":{"minecraft:spruce_planks":24},"minecraft:used":{"minecraft:apple":1,"minecraft:dirt":3,"minecraft:bread":3,"minecraft:spruce_planks":13}},"DataVersion":3465}