{"stats":{"minecraft:mined":{"minecraft:deepslate_redstone_ore":4,"luminousworld:groundpebbles_1":1,"minecraft:mossy_cobblestone":1,"quark:shale":3,"minecraft:torch":4,"gravestone:gravestone":1,"bakery:wild_strawberries":14,"minecraft:grass_block":17,"gobber2:gobber2_lucky_block":3,"minecraft:tall_grass":11,"minecraft:spruce_leaves":1,"minecraft:diorite":2,"minecraft:wall_torch":7,"minecraft:amethyst_block":3,"minecraft:large_fern":2,"minecraft:spruce_sapling":1,"minecraft:cobbled_deepslate":5,"minecraft:snow":3,"minecraft:spruce_log":27,"realmrpg_skeletons:acrobat_skeleton":1,"minecraft:grass":15,"luminousworld:ishstone":2,"luminousworld:snowgrass":1,"minecraft:dirt":7,"minecraft:smooth_basalt":8,"luminousworld:groundpebbles_2":3,"minecraft:stone":30,"minecraft:deepslate":81,"minecraft:fern":1},"minecraft:dropped":{"bakery:strawberry":1,"revampedpiles:swords_wall_iron":1,"minecraft:grass_block":1,"minecraft:red_mushroom":1,"minecraft:potato":4,"minecraft:grass":2,"minecraft:stone_button":2,"minecraft:large_fern":1,"minecraft:cooked_salmon":5,"artifacts:eternal_steak":1,"gravestone:obituary":1,"minecraft:cow_spawn_egg":1,"minecraft:iron_axe":1,"born_in_chaos_v1:supreme_measure":1,"revampedpiles:bows_wall":1,"minecraft:bone":1,"minecraft:spruce_sapling":12},"minecraft:used":{"minecraft:netherite_sword":20,"minecraft:cow_spawn_egg":1,"gobber2:gobber2_goo":1,"ancient_elements:hellstone_axe":29,"quark:shale":3,"minecraft:spruce_planks":13,"artifacts:eternal_steak":7,"undead_revamp2:the_moonflower_spawn_egg":1,"minecraft:cookie":1,"minecraft:torch":19,"ancient_elements:aurora_crystal_picksaw":77,"ancient_elements:hellstone_sword":62,"minecraft:dirt":9,"minecraft:red_mushroom":1,"revampedpiles:swords_wall_iron":21,"minecraft:apple":1,"ancient_elements:spectrillium_pickaxe":86,"minecraft:iron_axe":28,"minecraft:bread":5,"minecraft:smooth_basalt":14,"minecraft:cobblestone":20,"minecraft:potato":6,"minecraft:cobbled_deepslate":75},"minecraft:picked_up":{"luminousworld:groundpebbles_1":6,"minecraft:feather":1,"pizzacraft:pepper_seeds":1,"minecraft:leather":1,"minecraft:red_mushroom":2,"minecraft:potato":6,"gravestone:obituary":1,"minecraft:brick":4,"minecraft:gunpowder":3,"minecraft:dirt":38,"minecraft:apple":18,"minecraft:iron_axe":1,"revampedpiles:swords_wall_iron":1,"minecraft:bone":1,"revampedpiles:bows_wall":1,"gobber2:gobber2_gooey_beef":2,"minecraft:wheat_seeds":10,"minecraft:cobbled_deepslate":75,"pizzacraft:tomato":2,"minecraft:beef":1,"minecraft:poppy":1,"pizzacraft:corn":1,"minecraft:stick":3,"bakery:strawberry":14,"minecraft:smooth_basalt":15,"minecraft:cooked_porkchop":3,"quark:shale":3,"born_in_chaos_v1:phantom_powder":1,"minecraft:torch":11,"minecraft:porkchop":23,"minecraft:stone_button":2,"minecraft:spruce_sapling":12,"minecraft:cookie":3,"minecraft:diorite":6,"minecraft:spruce_log":96,"minecraft:redstone":13,"born_in_chaos_v1:supreme_measure":1,"minecraft:rotten_flesh":20,"minecraft:cow_spawn_egg":1,"minecraft:grass":1,"minecraft:glow_berries":2,"minecraft:oak_sapling":2,"minecraft:bread":8,"supplementaries:ash":1,"gobber2:gobber2_goo":1,"minecraft:snowball":13,"minecraft:cobblestone":20},"minecraft:custom":{"minecraft:mob_kills":49,"minecraft:interact_with_crafting_table":1,"minecraft:open_barrel":21,"minecraft:leave_game":5,"minecraft:time_since_death":74215,"minecraft:climb_one_cm":1821,"minecraft:time_since_rest":74242,"minecraft:sprint_one_cm":182208,"minecraft:damage_taken":1642,"minecraft:walk_one_cm":254683,"minecraft:drop":21,"minecraft:damage_dealt":5081,"minecraft:fly_one_cm":307424,"minecraft:open_chest":26,"minecraft:crouch_one_cm":1908,"minecraft:play_time":121038,"minecraft:deaths":2,"minecraft:sneak_time":844,"minecraft:walk_under_water_one_cm":3074,"minecraft:jump":1286,"minecraft:walk_on_water_one_cm":6270,"minecraft:total_world_time":121038,"minecraft:fall_one_cm":31596},"minecraft:crafted":{"minecraft:spruce_planks":24},"minecraft:killed":{"luminousworld:frigid_zombie":2,"born_in_chaos_v1:spiritof_chaos":1,"minecraft:pig":9,"born_in_chaos_v1:baby_skeleton":1,"creeperoverhaul:spruce_creeper":1,"undead_revamp2:the_moonflower":2,"minecraft:bat":1,"alexsmobs:snow_leopard":1,"luminousworld:frigid_skeleton":1,"creeperoverhaul:snowy_creeper":3,"minecraft:skeleton":1,"minecraft:horse":1,"enemyexpansion:meature":1,"minecraft:zombie":1,"born_in_chaos_v1:dread_hound":1,"born_in_chaos_v1:corpse_fly":1,"undead_revamp2:thespitter":1,"minecraft:cow":2}},"DataVersion":3465}