{"stats":{"minecraft:custom":{"minecraft:time_since_rest":17869,"minecraft:crouch_one_cm":209,"minecraft:sprint_one_cm":27207,"minecraft:play_time":17869,"minecraft:damage_taken":40,"minecraft:walk_one_cm":22908,"minecraft:sneak_time":173,"minecraft:walk_under_water_one_cm":1752,"minecraft:mob_kills":2,"minecraft:jump":185,"minecraft:damage_dealt":258,"minecraft:leave_game":6,"minecraft:walk_on_water_one_cm":1668,"minecraft:time_since_death":17869,"minecraft:total_world_time":17869,"minecraft:fall_one_cm":2943,"minecraft:fly_one_cm":97857},"minecraft:picked_up":{"minecraft:chicken":1,"minecraft:glow_ink_sac":2,"minecraft:andesite":4,"minecraft:spruce_log":1,"minecraft:glow_berries":1,"minecraft:dirt":3},"minecraft:mined":{"minecraft:grass":1,"minecraft:spruce_log":1,"minecraft:spruce_leaves":3},"minecraft:killed":{"minecraft:pig":1,"minecraft:chicken":1},"minecraft:used":{"minecraft:wooden_sword":5,"minecraft:flowering_azalea":4,"minecraft:potion":3,"minecraft:flint_and_steel":29,"minecraft:tnt":47,"minecraft:axolotl_spawn_egg":2,"minecraft:milk_bucket":1}},"DataVersion":3465}