{"stats":{"minecraft:crafted":{"minecraft:oak_planks":32,"minecraft:crafting_table":2,"minecraft:wooden_pickaxe":1,"minecraft:stone_axe":1,"minecraft:stick":8,"quark:oak_chest":1,"minecraft:wooden_axe":1,"minecraft:chest":1,"ancient_elements:stone_hammer":1,"minecraft:torch":8,"revampedpiles:cobblestone_roof":12},"minecraft:custom":{"minecraft:mob_kills":10,"minecraft:interact_with_crafting_table":11,"minecraft:leave_game":1,"minecraft:time_since_death":15900,"minecraft:sleep_in_bed":1,"minecraft:time_since_rest":720,"minecraft:sprint_one_cm":34182,"minecraft:damage_taken":610,"minecraft:walk_one_cm":42669,"minecraft:drop":3,"minecraft:damage_dealt":1525,"minecraft:swim_one_cm":7739,"minecraft:fly_one_cm":40290,"minecraft:open_chest":15,"minecraft:crouch_one_cm":346,"minecraft:play_time":26141,"minecraft:deaths":1,"minecraft:sneak_time":675,"minecraft:walk_under_water_one_cm":6053,"minecraft:jump":186,"minecraft:walk_on_water_one_cm":8087,"minecraft:total_world_time":26141,"minecraft:fall_one_cm":4048},"minecraft:killed_by":{"enemyexpansion:huntsman":1},"minecraft:dropped":{"farmersdelight:rice":1,"minecraft:oak_sapling":1,"gravestone:obituary":1},"minecraft:mined":{"luminousworld:groundpebbles_1":2,"luminousworld:grassvariant_4":1,"farmersdelight:wild_carrots":9,"minecraft:crafting_table":4,"gravestone:gravestone":1,"minecraft:grass_block":2,"minecraft:chest":1,"wildberries:blackberry_bush":1,"luminousworld:grassvariant_2":1,"revampedpiles:cobblestone_roof":5,"minecraft:sugar_cane":2,"minecraft:wall_torch":1,"candlelight:rose":1,"minecraft:tall_seagrass":1,"luminousworld:sunset_petunias":1,"luminousworld:yellow_grassflowers":1,"revampedpiles:butcher_cow":3,"farmersdelight:wild_rice":1,"minecraft:grass":8,"minecraft:coal_ore":4,"minecraft:oak_log":4,"minecraft:dirt":7,"luminousworld:grassvariant_3":1,"minecraft:stone":8},"minecraft:picked_up":{"born_in_chaos_v1:corpse_maggot":2,"luminousworld:groundpebbles_1":2,"minecraft:crafting_table":4,"farmersdelight:rice":1,"minecraft:jungle_log":1,"wildberries:blackberry":3,"minecraft:oak_log":60,"minecraft:dirt":9,"wildberries:strawberry":17,"minecraft:wheat_seeds":1,"candlelight:rose":1,"minecraft:sugar_cane":5,"minecraft:chest":1,"minecraft:stick":6,"minecraft:torch":1,"revampedpiles:cobblestone_roof":5,"luminousworld:sunset_petunias":1,"minecraft:cherry_log":1,"minecraft:carrot":9,"minecraft:rotten_flesh":8,"luminousworld:yellow_grassflowers":1,"revampedpiles:butcher_cow":3,"minecraft:oak_sapling":11,"minecraft:coal":10,"alexsmobs:lobster_tail":2,"minecraft:cobblestone":26},"minecraft:broken":{"minecraft:wooden_axe":1},"minecraft:killed":{"alexsmobs:lobster":3,"born_in_chaos_v1:zombie_lumberjack":1,"born_in_chaos_v1:zombie_bruiser":1,"born_in_chaos_v1:maggot":4,"enemyexpansion:meature":1},"minecraft:used":{"revampedpiles:butcher_cow":3,"revampedpiles:cobblestone_roof":5,"wildberries:blackberry":2,"wildberries:strawberry":2,"minecraft:chest":1,"minecraft:wooden_pickaxe":15,"luminousworld:groundpebbles_1":2,"minecraft:torch":1,"minecraft:dirt":4,"minecraft:crafting_table":5,"minecraft:carrot":8,"minecraft:oak_log":1,"ancient_elements:stone_hammer":30,"minecraft:wooden_axe":16,"minecraft:stone_axe":4}},"DataVersion":3465}