{"stats":{"minecraft:killed":{"minecraft:pig":6,"born_in_chaos_v1:pumpkin_spirit":1,"minecraft:spider":1,"undead_revamp2:the_moonflower":2,"undead_revamp2:thebeartamer":1,"born_in_chaos_v1:bloody_gadfly":1,"minecraft:zombie":1,"undead_revamp2:therod":1,"undead_revamp2:sucker":1,"enemyexpansion:wasp":1,"minecraft:cow":6},"minecraft:mined":{"luminousworld:groundpebbles_1":1,"minecraft:light_gray_carpet":3,"minecraft:dark_oak_log":2,"minecraft:crafting_table":4,"minecraft:torch":2,"gravestone:gravestone":4,"minecraft:grass_block":140,"candlelight:wild_tomatoes":7,"luminousworld:grassvariant_2":1,"minecraft:tall_grass":19,"minecraft:cobblestone":14,"minecraft:iron_ore":2,"minecraft:white_carpet":13,"minecraft:spruce_log":6,"minecraft:birch_leaves":1,"ancient_elements:tin_ore":4,"minecraft:grass":16,"minecraft:dirt":10,"minecraft:stone":33,"minecraft:stone_bricks":1,"minecraft:fern":1},"minecraft:broken":{"minecraft:wooden_axe":1},"minecraft:dropped":{"alexsmobs:animal_dictionary":2,"minecraft:stone_sword":1,"wildberries:strawberry":1,"minecraft:dirt":1,"candlelight:tomato":2,"gravestone:obituary":2,"pizzacraft:pineapple_seeds":1,"artifacts:snowshoes":1},"minecraft:used":{"revampedpiles:spruce_ladder":1,"minecraft:stone_sword":133,"wildberries:strawberry":1,"minecraft:stone_pickaxe":47,"minecraft:wooden_pickaxe":11,"minecraft:iron_sword":25,"luminousworld:groundpebbles_1":1,"minecraft:torch":11,"minecraft:dirt":135,"minecraft:white_carpet":12,"minecraft:crafting_table":5,"minecraft:wooden_axe":6,"minecraft:stone_bricks":1,"minecraft:stone_axe":5,"minecraft:cobblestone":17,"minecraft:furnace":1,"minecraft:cooked_porkchop":4,"candlelight:tomato":5,"alexsmobs:animal_dictionary":1,"minecraft:cooked_beef":4},"minecraft:custom":{"minecraft:interact_with_furnace":17,"minecraft:mob_kills":22,"minecraft:interact_with_crafting_table":13,"minecraft:open_barrel":1,"minecraft:leave_game":1,"minecraft:time_since_death":14512,"minecraft:sleep_in_bed":1,"minecraft:climb_one_cm":2617,"minecraft:time_since_rest":14545,"minecraft:sprint_one_cm":170449,"minecraft:damage_taken":2000,"minecraft:walk_one_cm":147149,"minecraft:drop":11,"minecraft:damage_dealt":4207,"minecraft:swim_one_cm":3943,"minecraft:fly_one_cm":192565,"minecraft:open_chest":9,"minecraft:crouch_one_cm":7207,"minecraft:play_time":96845,"minecraft:deaths":4,"minecraft:sneak_time":2391,"minecraft:walk_under_water_one_cm":2301,"minecraft:jump":984,"minecraft:interact_with_brewingstand":1,"minecraft:walk_on_water_one_cm":5411,"minecraft:total_world_time":96845,"minecraft:fall_one_cm":31601,"minecraft:horse_one_cm":38},"minecraft:crafted":{"minecraft:cooked_beef":8,"sophisticatedbackpacks:backpack":1,"bakery:sandwich":1,"minecraft:cooked_porkchop":9,"minecraft:crafting_table":2,"minecraft:spruce_planks":24,"minecraft:wooden_pickaxe":1,"minecraft:iron_sword":1,"minecraft:furnace":1,"minecraft:stone_axe":1,"minecraft:air":0,"quark:dark_oak_chest":1,"minecraft:charcoal":18,"minecraft:stick":4,"minecraft:iron_ingot":2,"minecraft:stone_pickaxe":1,"minecraft:wooden_axe":1,"minecraft:stone_sword":1,"minecraft:chest":1,"minecraft:dark_oak_planks":32,"minecraft:torch":12},"minecraft:picked_up":{"minecraft:birch_log":26,"luminousworld:groundpebbles_1":1,"minecraft:crafting_table":4,"vinery:taiga_grapes_white":3,"minecraft:leather":4,"enemyexpansion:wasp_thorax":1,"gravestone:obituary":2,"minecraft:dirt":147,"minecraft:string":3,"wildberries:strawberry":18,"minecraft:white_carpet":13,"minecraft:bone":1,"minecraft:stone_bricks":1,"minecraft:wheat_seeds":4,"pizzacraft:tomato":1,"candlelight:tomato_seeds":2,"minecraft:beef":13,"candlelight:tomato":7,"pizzacraft:corn":1,"minecraft:dark_oak_sapling":24,"minecraft:stick":18,"minecraft:raw_iron":2,"pizzacraft:pineapple_seeds":1,"minecraft:copper_ingot":1,"minecraft:torch":2,"born_in_chaos_v1:ethereal_spirit":1,"vinery:white_grape":1,"minecraft:porkchop":13,"ancient_elements:raw_tin":4,"minecraft:spruce_sapling":7,"minecraft:spruce_log":35,"minecraft:dark_oak_log":34,"alexsmobs:animal_dictionary":2,"pizzacraft:onion":1,"minecraft:rotten_flesh":2,"artifacts:snowshoes":2,"minecraft:light_gray_carpet":3,"minecraft:cobblestone":49,"revampedpiles:spruce_ladder":1},"minecraft:killed_by":{"undead_revamp2:therod":2,"minecraft:skeleton":1,"undead_revamp2:thebeartamer":1}},"DataVersion":3465}