{"stats":{"minecraft:crafted":{"minecraft:bread":33,"minecraft:wheat":91},"minecraft:custom":{"minecraft:interact_with_furnace":5,"minecraft:interact_with_anvil":1,"minecraft:mob_kills":17,"minecraft:interact_with_crafting_table":3,"minecraft:damage_dealt_resisted":57,"minecraft:eat_cake_slice":3,"minecraft:leave_game":10,"minecraft:time_since_death":18600,"minecraft:climb_one_cm":6251,"minecraft:time_since_rest":18673,"minecraft:sprint_one_cm":135157,"minecraft:damage_taken":1225,"minecraft:walk_one_cm":162171,"minecraft:damage_blocked_by_shield":300,"minecraft:drop":4,"minecraft:damage_dealt":2332,"minecraft:swim_one_cm":2996,"minecraft:talked_to_villager":7,"minecraft:fly_one_cm":676477,"minecraft:open_chest":10,"minecraft:crouch_one_cm":386,"minecraft:play_time":102213,"minecraft:deaths":3,"minecraft:sneak_time":553,"minecraft:walk_under_water_one_cm":14124,"minecraft:jump":988,"minecraft:walk_on_water_one_cm":3149,"minecraft:total_world_time":102213,"minecraft:fall_one_cm":15867},"minecraft:used":{"minecraft:cow_spawn_egg":2,"minecraft:flint_and_steel":29,"ancient_elements:hellstone_pickaxe":86,"farmersdelight:milk_bottle":1,"minecraft:stripped_birch_log":7,"alexsmobs:spawn_egg_tiger":1,"minecraft:axolotl_spawn_egg":2,"minecraft:shield":5,"minecraft:stone":1,"alexsmobs:spawn_egg_anaconda":1,"luminousworld:groundpebbles_1":1,"minecraft:diamond_axe":61,"minecraft:clay":3,"minecraft:dirt":2,"minecraft:tnt":47,"minecraft:crafting_table":1,"minecraft:milk_bucket":1,"minecraft:glass":2,"alexsmobs:spawn_egg_komodo_dragon":1,"minecraft:flowering_azalea":4,"minecraft:apple":2,"minecraft:bread":4,"minecraft:stone_brick_stairs":1,"minecraft:wooden_sword":6,"minecraft:diamond_sword":49,"minecraft:cobblestone":14,"minecraft:potion":3,"minecraft:scaffolding":10,"minecraft:oak_sapling":4,"minecraft:black_candle":1},"minecraft:mined":{"luminousworld:groundpebbles_1":2,"minecraft:scaffolding":10,"minecraft:red_bed":1,"luminousworld:grassvariant_4":1,"minecraft:gray_stained_glass_pane":2,"minecraft:crafting_table":1,"gravestone:gravestone":1,"minecraft:grass_block":3,"minecraft:stone_brick_wall":1,"minecraft:tall_grass":10,"minecraft:spruce_leaves":3,"minecraft:wall_torch":1,"minecraft:hay_block":12,"luminousworld:yellow_grassflowers":1,"minecraft:spruce_log":1,"treechop:chopped_log":4,"minecraft:peony":1,"minecraft:stone_brick_stairs":2,"minecraft:grass":41,"minecraft:dirt":3,"minecraft:stripped_oak_log":1,"minecraft:cracked_stone_bricks":2,"minecraft:stone_bricks":7,"minecraft:stone":17,"minecraft:mossy_stone_bricks":1,"minecraft:cake":1,"minecraft:oak_leaves":4},"minecraft:killed_by":{"minecraft:skeleton":1,"takesapillage:archer":2},"minecraft:picked_up":{"minecraft:stripped_oak_log":1,"luminousworld:groundpebbles_1":3,"minecraft:crafting_table":1,"minecraft:chicken":1,"minecraft:glow_ink_sac":2,"minecraft:andesite":4,"minecraft:stone_brick_wall":1,"minecraft:stone_brick_stairs":2,"minecraft:oak_log":8,"minecraft:cornflower":5,"minecraft:dirt":8,"minecraft:red_bed":1,"minecraft:blue_orchid":1,"minecraft:apple":4,"minecraft:stone_bricks":5,"minecraft:cracked_stone_bricks":2,"minecraft:wheat_seeds":5,"minecraft:mossy_stone_bricks":1,"minecraft:bamboo":9,"alexsmobs:spawn_egg_tiger":1,"minecraft:scaffolding":10,"minecraft:stick":8,"minecraft:black_candle":1,"minecraft:stone":2,"minecraft:torch":1,"minecraft:cherry_log":13,"minecraft:spruce_log":1,"luminousworld:whiteoaklog":13,"minecraft:arrow":2,"minecraft:rotten_flesh":4,"luminousworld:yellow_grassflowers":1,"minecraft:peony":1,"minecraft:hay_block":11,"minecraft:cherry_sapling":6,"minecraft:bread":1,"minecraft:oak_sapling":7,"minecraft:glow_berries":1,"minecraft:cobblestone":14,"minecraft:white_wool":1},"minecraft:killed":{"minecraft:pig":5,"minecraft:creeper":1,"minecraft:sheep":2,"minecraft:skeleton":1,"minecraft:zombie":4,"minecraft:chicken":1,"minecraft:cow":3},"minecraft:dropped":{"minecraft:bread":1,"alexsmobs:spawn_egg_tiger":1,"minecraft:diamond_sword":1,"gravestone:obituary":1}},"DataVersion":3465}