{"stats":{"minecraft:used":{"minecraft:flowering_azalea":4,"minecraft:potion":3,"minecraft:flint_and_steel":29,"minecraft:tnt":47,"minecraft:axolotl_spawn_egg":2,"minecraft:milk_bucket":1},"minecraft:picked_up":{"minecraft:glow_ink_sac":2,"minecraft:andesite":4,"minecraft:spruce_log":1,"minecraft:glow_berries":1,"minecraft:dirt":3},"minecraft:mined":{"minecraft:grass":1,"minecraft:spruce_log":1,"minecraft:spruce_leaves":3},"minecraft:custom":{"minecraft:time_since_rest":14579,"minecraft:crouch_one_cm":165,"minecraft:sprint_one_cm":17310,"minecraft:play_time":14579,"minecraft:damage_taken":40,"minecraft:walk_one_cm":18622,"minecraft:sneak_time":155,"minecraft:walk_under_water_one_cm":1752,"minecraft:jump":151,"minecraft:damage_dealt":118,"minecraft:leave_game":5,"minecraft:walk_on_water_one_cm":1297,"minecraft:time_since_death":14579,"minecraft:total_world_time":14579,"minecraft:fall_one_cm":2943,"minecraft:fly_one_cm":71552}},"DataVersion":3465}