{"stats":{"minecraft:crafted":{"minecraft:raw_iron":18,"minecraft:stone_shovel":1,"minecraft:furnace":3,"quark:dark_oak_chest":1,"minecraft:dark_oak_door":3,"minecraft:iron_boots":1,"luminousworld:white_oak_plank":4,"minecraft:stone_pickaxe":1,"minecraft:chest":1,"minecraft:dark_oak_planks":32,"sophisticatedbackpacks:iron_backpack":1,"minecraft:cooked_beef":13,"sophisticatedbackpacks:backpack":1,"bakery:sandwich":18,"minecraft:cooked_porkchop":19,"minecraft:crafting_table":3,"minecraft:spruce_planks":36,"farmersdelight:iron_knife":1,"minecraft:wooden_pickaxe":1,"minecraft:iron_helmet":1,"minecraft:iron_sword":1,"sophisticatedbackpacks:gold_backpack":1,"minecraft:bucket":1,"minecraft:campfire":1,"minecraft:stone_axe":1,"minecraft:air":0,"minecraft:iron_chestplate":1,"minecraft:charcoal":18,"minecraft:shield":1,"minecraft:stick":20,"minecraft:iron_ingot":38,"minecraft:iron_pickaxe":1,"minecraft:wooden_axe":1,"minecraft:stone_sword":1,"minecraft:iron_leggings":1,"minecraft:torch":76,"create:zinc_ingot":19,"minecraft:shears":1},"minecraft:custom":{"minecraft:mob_kills":59,"minecraft:interact_with_crafting_table":52,"minecraft:open_barrel":19,"minecraft:damage_dealt_resisted":282,"minecraft:leave_game":6,"minecraft:time_since_death":6671,"minecraft:climb_one_cm":6046,"minecraft:sprint_one_cm":505222,"minecraft:walk_one_cm":498692,"minecraft:damage_blocked_by_shield":810,"minecraft:drop":33,"minecraft:talked_to_villager":1,"minecraft:play_time":275039,"minecraft:deaths":14,"minecraft:sneak_time":4699,"minecraft:walk_under_water_one_cm":28148,"minecraft:interact_with_brewingstand":1,"minecraft:jump":2848,"minecraft:interact_with_blast_furnace":7,"minecraft:walk_on_water_one_cm":18994,"minecraft:total_world_time":275039,"minecraft:interact_with_furnace":90,"minecraft:sleep_in_bed":10,"minecraft:time_since_rest":5637,"minecraft:damage_taken":6827,"minecraft:damage_dealt":10255,"minecraft:swim_one_cm":34927,"minecraft:fly_one_cm":479457,"minecraft:open_chest":29,"minecraft:crouch_one_cm":13216,"minecraft:fall_one_cm":80565,"minecraft:horse_one_cm":38},"minecraft:killed_by":{"minecraft:drowned":3,"alexsmobs:tiger":1,"undead_revamp2:thehorrors":1,"undead_revamp2:thehunter":2,"undead_revamp2:therod":2,"minecraft:skeleton":1,"enemyexpansion:wasp":1,"born_in_chaos_v1:missioner":1,"undead_revamp2:thebeartamer":1},"minecraft:dropped":{"minecraft:moss_block":2,"minecraft:wheat_seeds":2,"minecraft:stick":23,"minecraft:dirt":1,"minecraft:diorite":4,"candlelight:tomato":2,"gravestone:obituary":7,"minecraft:string":4,"minecraft:stone_axe":1,"alexsmobs:animal_dictionary":2,"minecraft:stone_sword":1,"wildberries:strawberry":1,"minecraft:rotten_flesh":1,"born_in_chaos_v1:dark_upgrade":1,"create:zinc_ingot":14,"pizzacraft:pineapple_seeds":1,"minecraft:bow":1,"farmersdelight:ham":1,"artifacts:snowshoes":1,"minecraft:brick":1},"minecraft:picked_up":{"luminousworld:groundpebbles_1":1,"minecraft:crafting_table":6,"vinery:red_grape":4,"luminousworld:blackberry":3,"vinery:taiga_grapes_white":6,"enemyexpansion:wasp_thorax":1,"gravestone:obituary":6,"minecraft:brick":1,"minecraft:string":7,"wildberries:raspberry":66,"born_in_chaos_v1:dark_upgrade":1,"minecraft:white_carpet":13,"wildberries:strawberry":18,"minecraft:beef":13,"candlelight:tomato_seeds":2,"minecraft:iron_nugget":2,"meadow:alpine_salt":1,"minecraft:furnace":1,"crittersandcompanions:clam":1,"pizzacraft:corn":2,"minecraft:dark_oak_sapling":37,"minecraft:stick":41,"minecraft:raw_iron":20,"pizzacraft:pineapple_seeds":1,"minecraft:copper_ingot":1,"minecraft:torch":5,"sophisticatedbackpacks:backpack":3,"minecraft:porkchop":29,"ancient_elements:raw_tin":4,"minecraft:diorite":4,"born_in_chaos_v1:pieceofdarkmetal":1,"minecraft:carrot":3,"luminousworld:white_oak_sapling":1,"minecraft:arrow":4,"minecraft:rotten_flesh":19,"artifacts:snowshoes":5,"crittersandcompanions:silk":8,"minecraft:gold_ingot":2,"supplementaries:ash":1,"wandering_bags:wandering_bag":1,"minecraft:cobblestone":76,"minecraft:birch_log":26,"born_in_chaos_v1:corpse_maggot":1,"minecraft:pink_petals":12,"minecraft:leather":4,"minecraft:red_mushroom":1,"wildberries:blackberry":38,"minecraft:flint":3,"create:raw_zinc":7,"pizzacraft:broccoli_seeds":2,"minecraft:dirt":161,"minecraft:lantern":1,"minecraft:white_banner":2,"pizzacraft:cucumber_seeds":1,"minecraft:bone":11,"minecraft:apple":1,"minecraft:stone_bricks":1,"minecraft:bow":1,"minecraft:wheat_seeds":11,"minecraft:iron_ingot":1,"meadow:pine_sapling":3,"pizzacraft:tomato":1,"candlelight:tomato":7,"meadow:cobbled_limestone":10,"meadow:eriophorum":1,"minecraft:bamboo":10,"minecraft:moss_block":3,"minecraft:honeycomb":3,"born_in_chaos_v1:ethereal_spirit":1,"minecraft:raw_iron_block":2,"vinery:white_grape":1,"minecraft:blast_furnace":1,"minecraft:spruce_sapling":9,"minecraft:spider_eye":5,"minecraft:spruce_log":64,"farmersdelight:ham":2,"meadow:pine_log":23,"minecraft:dark_oak_log":56,"alexsmobs:animal_dictionary":2,"luminousworld:whiteoaklog":10,"pizzacraft:onion":1,"minecraft:stone_axe":1,"minecraft:spruce_sign":3,"minecraft:emerald":3,"minecraft:light_gray_carpet":3,"minecraft:coal":144,"revampedpiles:spruce_ladder":1},"minecraft:mined":{"create:zinc_ore":7,"luminousworld:groundpebbles_1":1,"meadow:alpine_salt_ore":1,"farmersdelight:wild_carrots":2,"minecraft:dark_oak_log":2,"gravestone:gravestone":14,"minecraft:grass_block":147,"minecraft:decorated_pot":1,"meadow:pine_log":10,"luminousworld:grassvariant_2":1,"minecraft:spruce_leaves":3,"minecraft:spawner":3,"minecraft:large_fern":4,"minecraft:raw_iron_block":2,"minecraft:furnace":1,"minecraft:iron_ore":20,"minecraft:fire":10,"ancient_elements:tin_ore":4,"luminousworld:mossbuds_3":1,"meadow:eriophorum":1,"realmrpg_skeletons:devastated_skeleton":1,"supplementaries:stick":1,"crittersandcompanions:silk_cocoon":2,"minecraft:azalea_leaves":1,"minecraft:bamboo":1,"minecraft:stone":57,"minecraft:light_gray_carpet":3,"minecraft:crafting_table":7,"minecraft:torch":2,"minecraft:blast_furnace":1,"minecraft:emerald_ore":3,"candlelight:wild_tomatoes":7,"minecraft:tall_grass":21,"minecraft:cobblestone":17,"wildberries:raspberry_bush":1,"minecraft:wall_torch":1,"minecraft:pink_petals":2,"minecraft:white_carpet":13,"minecraft:spruce_log":6,"minecraft:white_wall_banner":2,"minecraft:birch_leaves":1,"meadow:limestone":10,"minecraft:grass":38,"minecraft:coal_ore":139,"minecraft:dirt":22,"minecraft:stone_bricks":1,"minecraft:fern":6,"minecraft:suspicious_gravel":2},"minecraft:broken":{"minecraft:wooden_axe":1},"minecraft:killed":{"born_in_chaos_v1:pumpkin_spirit":1,"minecraft:spider":6,"born_in_chaos_v1:maggot":4,"minecraft:skeleton":3,"undead_revamp2:therod":1,"undead_revamp2:sucker":2,"minecraft:pig":12,"minecraft:zombie_villager":1,"undead_revamp2:the_moonflower":3,"enemyexpansion:sprinter":1,"minecraft:wandering_trader":1,"undead_revamp2:thebeartamer":1,"born_in_chaos_v1:decrepit_skeleton":2,"born_in_chaos_v1:bloody_gadfly":1,"minecraft:zombie":4,"enemyexpansion:botfly":2,"born_in_chaos_v1:door_knight":2,"luminousworld:dark_oak_zombie":1,"minecraft:cow":6,"enemyexpansion:wasp":2},"minecraft:used":{"minecraft:moss_block":1,"minecraft:stone_sword":133,"minecraft:stone_shovel":3,"wildberries:strawberry":15,"minecraft:shield":16,"minecraft:iron_sword":186,"meadow:pine_sapling":2,"wildberries:raspberry":32,"minecraft:stick":1,"minecraft:torch":55,"minecraft:dirt":159,"minecraft:white_carpet":12,"meadow:cobbled_limestone":10,"minecraft:wooden_axe":6,"minecraft:lantern":1,"minecraft:stone_bricks":1,"minecraft:furnace":3,"candlelight:tomato":5,"minecraft:cooked_beef":6,"farmersdelight:iron_knife":19,"minecraft:water_bucket":5,"revampedpiles:spruce_ladder":1,"minecraft:stone_pickaxe":110,"minecraft:wooden_pickaxe":11,"luminousworld:white_oak_plank":4,"minecraft:spruce_sign":3,"luminousworld:groundpebbles_1":1,"bakery:sandwich":18,"minecraft:crafting_table":9,"minecraft:campfire":1,"minecraft:shears":1,"minecraft:dark_oak_door":1,"minecraft:apple":1,"minecraft:iron_pickaxe":158,"farmersdelight:ham":1,"minecraft:stone_axe":24,"minecraft:pink_petals":5,"minecraft:cobblestone":37,"minecraft:cooked_porkchop":8,"minecraft:bucket":6,"alexsmobs:animal_dictionary":1,"meadow:pine_log":11}},"DataVersion":3465}