{"stats":{"minecraft:custom":{"minecraft:interact_with_furnace":5,"minecraft:mob_kills":9,"minecraft:interact_with_anvil":1,"minecraft:interact_with_crafting_table":3,"minecraft:damage_dealt_resisted":57,"minecraft:eat_cake_slice":3,"minecraft:leave_game":7,"minecraft:time_since_death":292,"minecraft:climb_one_cm":6251,"minecraft:time_since_rest":12001,"minecraft:sprint_one_cm":83046,"minecraft:damage_taken":840,"minecraft:walk_one_cm":124396,"minecraft:damage_blocked_by_shield":300,"minecraft:drop":3,"minecraft:damage_dealt":1280,"minecraft:talked_to_villager":6,"minecraft:fly_one_cm":570469,"minecraft:open_chest":8,"minecraft:crouch_one_cm":290,"minecraft:play_time":76465,"minecraft:deaths":2,"minecraft:sneak_time":485,"minecraft:walk_under_water_one_cm":13982,"minecraft:jump":676,"minecraft:walk_on_water_one_cm":2566,"minecraft:total_world_time":76465,"minecraft:fall_one_cm":11134},"minecraft:mined":{"minecraft:scaffolding":10,"minecraft:red_bed":1,"minecraft:gray_stained_glass_pane":2,"minecraft:crafting_table":1,"gravestone:gravestone":1,"minecraft:grass_block":3,"minecraft:stone_brick_wall":1,"minecraft:tall_grass":9,"minecraft:spruce_leaves":3,"minecraft:wall_torch":1,"minecraft:hay_block":12,"minecraft:spruce_log":1,"minecraft:stone_brick_stairs":2,"minecraft:grass":37,"minecraft:dirt":3,"minecraft:stripped_oak_log":1,"minecraft:cracked_stone_bricks":2,"minecraft:stone_bricks":7,"minecraft:stone":17,"minecraft:mossy_stone_bricks":1,"minecraft:cake":1},"minecraft:picked_up":{"minecraft:stripped_oak_log":1,"minecraft:crafting_table":1,"minecraft:chicken":1,"minecraft:glow_ink_sac":2,"minecraft:andesite":4,"minecraft:stone_brick_wall":1,"butchercraft:cow_hide":1,"butchercraft:pork_scraps":6,"minecraft:stone_brick_stairs":2,"butchercraft:cow_carcass":1,"minecraft:cornflower":5,"minecraft:dirt":8,"minecraft:red_bed":1,"minecraft:blue_orchid":1,"minecraft:stone_bricks":5,"minecraft:cracked_stone_bricks":2,"minecraft:wheat_seeds":4,"minecraft:mossy_stone_bricks":1,"butchercraft:fat":10,"alexsmobs:spawn_egg_tiger":1,"minecraft:scaffolding":10,"minecraft:black_candle":1,"minecraft:stone":2,"minecraft:torch":1,"butchercraft:sinew":5,"minecraft:spruce_log":1,"butchercraft:leather_scrap":8,"minecraft:hay_block":11,"butchercraft:lamb_scraps":4,"minecraft:bread":1,"butchercraft:blood_fluid_bucket":3,"minecraft:glow_berries":1,"minecraft:cobblestone":14},"minecraft:used":{"minecraft:cow_spawn_egg":1,"minecraft:flint_and_steel":29,"minecraft:stripped_birch_log":7,"butchercraft:meat_hook_item":10,"farmersdelight:milk_bottle":1,"ancient_elements:hellstone_pickaxe":86,"alexsmobs:spawn_egg_tiger":1,"minecraft:axolotl_spawn_egg":2,"minecraft:shield":5,"minecraft:stone":1,"alexsmobs:spawn_egg_anaconda":1,"minecraft:clay":3,"minecraft:dirt":2,"minecraft:tnt":47,"minecraft:crafting_table":1,"minecraft:milk_bucket":1,"alexsmobs:spawn_egg_komodo_dragon":1,"butchercraft:blood_fluid_bucket":3,"minecraft:flowering_azalea":4,"minecraft:bread":4,"some_assembly_required:chopped_beetroot":1,"minecraft:stone_brick_stairs":1,"butchercraft:lamb_scraps":3,"minecraft:diamond_sword":49,"minecraft:wooden_sword":6,"minecraft:cobblestone":14,"minecraft:potion":3,"minecraft:scaffolding":10,"minecraft:black_candle":1,"some_assembly_required:sandwiching_station":1,"some_assembly_required:chopped_carrot":1},"minecraft:killed":{"minecraft:pig":4,"minecraft:sheep":1,"minecraft:zombie":2,"minecraft:chicken":1,"minecraft:cow":1},"minecraft:crafted":{"minecraft:bread":33,"minecraft:wheat":91},"minecraft:dropped":{"minecraft:bread":1,"alexsmobs:spawn_egg_tiger":1,"minecraft:diamond_sword":1},"minecraft:killed_by":{"takesapillage:archer":2}},"DataVersion":3465}