{"stats":{"minecraft:crafted":{"minecraft:oak_planks":32,"minecraft:crafting_table":2,"minecraft:wooden_pickaxe":1,"minecraft:stone_axe":1,"minecraft:bread":15,"minecraft:stick":8,"quark:oak_chest":1,"minecraft:wooden_axe":1,"minecraft:chest":1,"ancient_elements:stone_hammer":1,"minecraft:torch":8,"revampedpiles:cobblestone_roof":12,"minecraft:wheat":45},"minecraft:custom":{"minecraft:interact_with_furnace":1,"minecraft:mob_kills":11,"minecraft:interact_with_cartography_table":1,"minecraft:interact_with_crafting_table":12,"minecraft:leave_game":1,"minecraft:time_since_death":27900,"minecraft:sleep_in_bed":1,"minecraft:climb_one_cm":731,"minecraft:time_since_rest":12720,"minecraft:sprint_one_cm":73829,"minecraft:damage_taken":930,"minecraft:walk_one_cm":81796,"minecraft:drop":3,"minecraft:damage_dealt":2692,"minecraft:swim_one_cm":9428,"minecraft:fly_one_cm":69178,"minecraft:open_chest":21,"minecraft:crouch_one_cm":708,"minecraft:play_time":38141,"minecraft:deaths":1,"minecraft:sneak_time":1202,"minecraft:walk_under_water_one_cm":6423,"minecraft:jump":345,"minecraft:interact_with_brewingstand":1,"minecraft:walk_on_water_one_cm":8450,"minecraft:total_world_time":38141,"minecraft:fall_one_cm":7934},"minecraft:killed_by":{"enemyexpansion:huntsman":1},"minecraft:dropped":{"farmersdelight:rice":1,"minecraft:oak_sapling":1,"gravestone:obituary":1},"minecraft:mined":{"luminousworld:groundpebbles_1":2,"minecraft:white_bed":1,"luminousworld:grassvariant_4":1,"farmersdelight:wild_carrots":9,"minecraft:crafting_table":4,"gravestone:gravestone":1,"bakery:wild_strawberries":3,"minecraft:grass_block":5,"minecraft:chest":1,"wildberries:blackberry_bush":1,"candlelight:wild_tomatoes":1,"luminousworld:grassvariant_2":2,"minecraft:tall_grass":2,"revampedpiles:cobblestone_roof":5,"minecraft:sugar_cane":2,"minecraft:wall_torch":1,"candlelight:rose":1,"minecraft:hay_block":5,"minecraft:tall_seagrass":1,"luminousworld:sunset_petunias":1,"revampedpiles:swords_wall_iron":1,"luminousworld:yellow_grassflowers":1,"revampedpiles:butcher_cow":3,"revampedpiles:plains_arrow_tube":1,"farmersdelight:wild_rice":1,"ancient_elements:tin_ore":1,"minecraft:grass":8,"minecraft:coal_ore":4,"minecraft:oak_log":4,"minecraft:dirt":8,"luminousworld:grassvariant_3":1,"minecraft:stone":16},"minecraft:picked_up":{"born_in_chaos_v1:corpse_maggot":2,"luminousworld:groundpebbles_1":2,"minecraft:crafting_table":4,"farmersdelight:rice":1,"minecraft:jungle_log":1,"wildberries:blackberry":3,"minecraft:oak_log":60,"luminousworld:tree_ant_trophy":1,"minecraft:dirt":13,"wildberries:raspberry":2,"wildberries:strawberry":17,"minecraft:wheat_seeds":1,"candlelight:rose":1,"candlelight:tomato":1,"minecraft:oak_planks":1,"minecraft:sugar_cane":5,"minecraft:chest":1,"minecraft:iron_sword":2,"bakery:strawberry":3,"minecraft:stick":6,"minecraft:torch":1,"revampedpiles:cobblestone_roof":5,"luminousworld:sunset_petunias":1,"ancient_elements:raw_tin":1,"minecraft:cherry_log":1,"minecraft:white_bed":1,"minecraft:carrot":9,"minecraft:arrow":24,"minecraft:rotten_flesh":10,"luminousworld:yellow_grassflowers":1,"revampedpiles:butcher_cow":3,"minecraft:hay_block":5,"minecraft:oak_sapling":11,"minecraft:coal":10,"alexsmobs:lobster_tail":2,"minecraft:cobblestone":37},"minecraft:broken":{"minecraft:wooden_axe":1},"minecraft:killed":{"alexsmobs:lobster":3,"born_in_chaos_v1:zombie_lumberjack":1,"born_in_chaos_v1:zombie_bruiser":1,"born_in_chaos_v1:maggot":4,"enemyexpansion:meature":1,"luminousworld:treant":1},"minecraft:used":{"revampedpiles:butcher_cow":3,"revampedpiles:cobblestone_roof":5,"wildberries:blackberry":2,"wildberries:strawberry":7,"minecraft:chest":1,"minecraft:wooden_pickaxe":25,"luminousworld:groundpebbles_1":2,"minecraft:torch":2,"minecraft:dirt":4,"minecraft:crafting_table":6,"minecraft:carrot":10,"minecraft:oak_log":1,"ancient_elements:stone_hammer":59,"minecraft:wooden_axe":16,"minecraft:bread":6,"minecraft:stone_axe":4,"minecraft:cobblestone":5}},"DataVersion":3465}