{"stats":{"minecraft:used":{"minecraft:potion":3,"minecraft:flint_and_steel":29,"minecraft:tnt":47},"minecraft:custom":{"minecraft:time_since_rest":10387,"minecraft:crouch_one_cm":113,"minecraft:sprint_one_cm":15179,"minecraft:play_time":10387,"minecraft:damage_taken":40,"minecraft:walk_one_cm":15939,"minecraft:sneak_time":114,"minecraft:walk_under_water_one_cm":1752,"minecraft:jump":113,"minecraft:damage_dealt":83,"minecraft:leave_game":3,"minecraft:walk_on_water_one_cm":337,"minecraft:time_since_death":10387,"minecraft:total_world_time":10387,"minecraft:fall_one_cm":2943,"minecraft:fly_one_cm":60469},"minecraft:picked_up":{"minecraft:andesite":4,"minecraft:spruce_log":1,"minecraft:glow_berries":1,"minecraft:dirt":3},"minecraft:mined":{"minecraft:grass":1,"minecraft:spruce_log":1,"minecraft:spruce_leaves":3}},"DataVersion":3465}