{"stats":{"minecraft:picked_up":{"minecraft:andesite":4,"minecraft:spruce_log":1,"minecraft:glow_berries":1,"minecraft:dirt":3},"minecraft:custom":{"minecraft:time_since_rest":11211,"minecraft:crouch_one_cm":165,"minecraft:sprint_one_cm":16456,"minecraft:play_time":11211,"minecraft:damage_taken":40,"minecraft:walk_one_cm":16726,"minecraft:sneak_time":155,"minecraft:walk_under_water_one_cm":1752,"minecraft:jump":121,"minecraft:damage_dealt":83,"minecraft:leave_game":4,"minecraft:walk_on_water_one_cm":1297,"minecraft:time_since_death":11211,"minecraft:total_world_time":11211,"minecraft:fall_one_cm":2943,"minecraft:fly_one_cm":63370},"minecraft:used":{"minecraft:flowering_azalea":4,"minecraft:potion":3,"minecraft:flint_and_steel":29,"minecraft:tnt":47,"minecraft:axolotl_spawn_egg":2},"minecraft:mined":{"minecraft:grass":1,"minecraft:spruce_log":1,"minecraft:spruce_leaves":3}},"DataVersion":3465}