{"stats":{"minecraft:crafted":{"minecraft:oak_planks":32,"minecraft:crafting_table":2,"minecraft:wooden_pickaxe":1,"minecraft:stone_axe":1,"minecraft:bread":15,"minecraft:stick":8,"quark:oak_chest":1,"minecraft:stone_pickaxe":1,"minecraft:wooden_axe":1,"minecraft:chest":1,"ancient_elements:stone_hammer":1,"minecraft:torch":8,"revampedpiles:cobblestone_roof":12,"minecraft:wheat":45},"minecraft:custom":{"minecraft:interact_with_furnace":1,"minecraft:mob_kills":15,"minecraft:interact_with_crafting_table":17,"minecraft:interact_with_cartography_table":1,"minecraft:open_barrel":2,"minecraft:bell_ring":5,"minecraft:leave_game":2,"minecraft:time_since_death":98759,"minecraft:sleep_in_bed":5,"minecraft:climb_one_cm":731,"minecraft:time_since_rest":8146,"minecraft:sprint_one_cm":189540,"minecraft:damage_taken":1220,"minecraft:walk_one_cm":148026,"minecraft:drop":6,"minecraft:damage_dealt":4374,"minecraft:talked_to_villager":1,"minecraft:swim_one_cm":17503,"minecraft:fly_one_cm":225064,"minecraft:open_chest":29,"minecraft:crouch_one_cm":776,"minecraft:play_time":109000,"minecraft:deaths":1,"minecraft:sneak_time":1853,"minecraft:walk_under_water_one_cm":8997,"minecraft:interact_with_brewingstand":1,"minecraft:jump":1086,"minecraft:walk_on_water_one_cm":9592,"minecraft:total_world_time":109000,"minecraft:fall_one_cm":27390,"minecraft:horse_one_cm":466360},"minecraft:killed_by":{"enemyexpansion:huntsman":1},"minecraft:dropped":{"minecraft:iron_sword":1,"farmersdelight:rice":1,"pizzacraft:pepper_seeds":1,"minecraft:oak_sapling":1,"gravestone:obituary":1,"pizzacraft:pineapple_seeds":1},"minecraft:mined":{"luminousworld:groundpebbles_1":2,"minecraft:white_bed":5,"luminousworld:grassvariant_4":1,"farmersdelight:wild_carrots":9,"luminousworld:tree_ant_trophy":1,"minecraft:crafting_table":5,"gravestone:gravestone":1,"bakery:wild_strawberries":3,"minecraft:grass_block":9,"minecraft:chest":1,"wildberries:blackberry_bush":1,"candlelight:wild_tomatoes":1,"luminousworld:grassvariant_2":3,"ancient_elements:meteorite_block":3,"minecraft:cobblestone":2,"minecraft:tall_grass":8,"revampedpiles:cobblestone_roof":5,"minecraft:sugar_cane":2,"minecraft:wall_torch":3,"candlelight:rose":1,"minecraft:hay_block":5,"minecraft:tall_seagrass":1,"luminousworld:sunset_petunias":1,"revampedpiles:swords_wall_iron":1,"luminousworld:yellow_grassflowers":1,"revampedpiles:butcher_cow":3,"revampedpiles:plains_arrow_tube":1,"farmersdelight:wild_rice":1,"minecraft:fire":1,"ancient_elements:tin_ore":9,"minecraft:grass":15,"minecraft:oak_log":4,"minecraft:coal_ore":4,"minecraft:dirt":17,"luminousworld:grassvariant_3":1,"minecraft:stone":21},"minecraft:picked_up":{"luminousworld:groundpebbles_1":2,"born_in_chaos_v1:corpse_maggot":2,"minecraft:crafting_table":5,"vinery:red_grape":5,"farmersdelight:rice":1,"pizzacraft:pepper_seeds":1,"minecraft:jungle_log":1,"minecraft:leather":1,"wildberries:blackberry":19,"minecraft:oak_log":60,"luminousworld:tree_ant_trophy":2,"pizzacraft:broccoli_seeds":1,"minecraft:dirt":26,"wildberries:raspberry":44,"wildberries:strawberry":21,"ancient_elements:meteorite_block":3,"minecraft:wheat_seeds":1,"candlelight:rose":1,"minecraft:beef":4,"candlelight:tomato":1,"minecraft:iron_sword":3,"minecraft:sugar_cane":5,"minecraft:chest":1,"minecraft:oak_planks":1,"pizzacraft:pineapple_seeds":1,"minecraft:stick":6,"bakery:strawberry":3,"minecraft:torch":3,"luminousworld:sunset_petunias":1,"revampedpiles:cobblestone_roof":5,"minecraft:porkchop":2,"ancient_elements:raw_tin":9,"minecraft:cherry_log":1,"minecraft:white_bed":5,"minecraft:carrot":9,"minecraft:arrow":24,"minecraft:rotten_flesh":10,"luminousworld:yellow_grassflowers":1,"revampedpiles:butcher_cow":3,"minecraft:hay_block":5,"luminousworld:far_lands":1,"minecraft:oak_sapling":11,"minecraft:coal":10,"alexsmobs:lobster_tail":2,"minecraft:cobblestone":44},"minecraft:broken":{"minecraft:wooden_axe":1,"ancient_elements:stone_hammer":1},"minecraft:killed":{"alexsmobs:lobster":3,"minecraft:pig":1,"born_in_chaos_v1:zombie_lumberjack":1,"born_in_chaos_v1:zombie_bruiser":1,"born_in_chaos_v1:maggot":4,"enemyexpansion:meature":1,"luminousworld:treant":2,"minecraft:cow":2},"minecraft:used":{"revampedpiles:butcher_cow":3,"revampedpiles:cobblestone_roof":5,"wildberries:blackberry":3,"minecraft:stone_pickaxe":21,"wildberries:strawberry":7,"minecraft:chest":1,"minecraft:wooden_pickaxe":29,"minecraft:iron_sword":10,"luminousworld:groundpebbles_1":2,"minecraft:torch":5,"minecraft:dirt":20,"minecraft:crafting_table":6,"minecraft:carrot":10,"minecraft:white_bed":4,"minecraft:oak_log":1,"ancient_elements:stone_hammer":76,"minecraft:wooden_axe":16,"minecraft:bread":17,"minecraft:stone_axe":24,"minecraft:cobblestone":9,"luminousworld:tree_ant_trophy":1}},"DataVersion":3465}