{"stats":{"minecraft:crafted":{"minecraft:spruce_planks":24},"minecraft:used":{"minecraft:apple":1,"minecraft:dirt":3,"minecraft:bread":3,"minecraft:spruce_planks":13},"minecraft:picked_up":{"luminousworld:groundpebbles_1":4,"minecraft:spruce_log":6,"minecraft:dirt":5},"minecraft:mined":{"luminousworld:groundpebbles_1":1,"minecraft:grass_block":4,"luminousworld:snowgrass":1,"minecraft:dirt":1,"luminousworld:groundpebbles_2":2,"minecraft:spruce_log":1,"treechop:chopped_log":2},"minecraft:custom":{"minecraft:open_barrel":5,"minecraft:time_since_rest":22579,"minecraft:open_chest":8,"minecraft:play_time":24127,"minecraft:crouch_one_cm":1269,"minecraft:sprint_one_cm":29598,"minecraft:damage_taken":530,"minecraft:deaths":1,"minecraft:walk_one_cm":20748,"minecraft:sneak_time":436,"minecraft:walk_under_water_one_cm":282,"minecraft:jump":208,"minecraft:leave_game":2,"minecraft:time_since_death":22552,"minecraft:walk_on_water_one_cm":202,"minecraft:total_world_time":24127,"minecraft:interact_with_crafting_table":1,"minecraft:fall_one_cm":8524,"minecraft:fly_one_cm":54965}},"DataVersion":3465}