{"stats":{"minecraft:mined":{"meadow:alpine_salt_ore":1,"minecraft:grass_block":151,"meadow:pine_log":10,"minecraft:spawner":3,"minecraft:raw_iron_block":2,"minecraft:magma_block":2,"minecraft:iron_ore":20,"minecraft:sticky_piston":1,"minecraft:fire":10,"ancient_elements:tin_ore":4,"realmrpg_skeletons:devastated_skeleton":1,"supplementaries:stick":1,"minecraft:azalea_leaves":1,"create:veridium":1,"minecraft:bamboo_stairs":1,"minecraft:torch":4,"born_in_chaos_v1:tombstone_petasi":1,"minecraft:note_block":1,"minecraft:blast_furnace":2,"minecraft:calcite":3,"minecraft:cobblestone":18,"minecraft:slime_block":1,"minecraft:sugar_cane":1,"minecraft:wall_torch":1,"minecraft:amethyst_block":3,"minecraft:pink_petals":2,"meadow:limestone":15,"minecraft:grass":42,"minecraft:dirt":44,"minecraft:smooth_basalt":2,"minecraft:emerald_block":3,"minecraft:suspicious_gravel":2,"create:zinc_ore":7,"luminousworld:groundpebbles_1":1,"farmersdelight:wild_carrots":2,"minecraft:dark_oak_log":2,"gravestone:gravestone":23,"minecraft:decorated_pot":2,"minecraft:jungle_planks":1,"luminousworld:grassvariant_2":1,"ancient_elements:meteorite_block":3,"minecraft:spruce_leaves":3,"minecraft:large_fern":4,"minecraft:furnace":2,"minecraft:snow":8,"luminousworld:mossbuds_3":1,"meadow:eriophorum":1,"luminousworld:snowgrass":1,"crittersandcompanions:silk_cocoon":3,"minecraft:bamboo":1,"minecraft:stone":99,"minecraft:podzol":3,"minecraft:light_gray_carpet":3,"minecraft:observer":2,"minecraft:crafting_table":9,"meadow:alpine_coal_ore":1,"minecraft:emerald_ore":3,"bakery:wild_strawberries":1,"candlelight:wild_tomatoes":7,"minecraft:tall_grass":23,"wildberries:raspberry_bush":1,"minecraft:spruce_log":6,"minecraft:white_carpet":13,"minecraft:gray_bed":2,"minecraft:birch_leaves":1,"minecraft:white_wall_banner":2,"minecraft:coal_ore":140,"minecraft:cobweb":2,"minecraft:stone_bricks":4,"minecraft:gold_ore":13,"minecraft:fern":6},"minecraft:used":{"minecraft:moss_block":1,"minecraft:iron_shovel":21,"minecraft:shield":20,"minecraft:iron_sword":226,"minecraft:iron_chestplate":1,"meadow:cobbled_limestone":14,"minecraft:lantern":1,"minecraft:stone_bricks":1,"minecraft:bow":11,"minecraft:furnace":4,"candlelight:tomato":5,"minecraft:gray_bed":2,"minecraft:stone_pickaxe":110,"minecraft:wooden_pickaxe":11,"luminousworld:groundpebbles_1":1,"minecraft:golden_apple":1,"bakery:sandwich":18,"minecraft:blast_furnace":1,"minecraft:note_block":1,"minecraft:shears":1,"farmersdelight:ham":1,"minecraft:stone_sword":133,"minecraft:stone_shovel":3,"wildberries:strawberry":15,"meadow:pine_sapling":2,"wildberries:raspberry":56,"minecraft:stick":1,"minecraft:torch":72,"minecraft:dirt":164,"minecraft:white_carpet":12,"minecraft:wooden_axe":6,"minecraft:iron_axe":6,"minecraft:iron_boots":1,"minecraft:cooked_beef":6,"minecraft:iron_leggings":1,"farmersdelight:iron_knife":22,"minecraft:water_bucket":10,"revampedpiles:spruce_ladder":1,"luminousworld:white_oak_plank":4,"minecraft:spruce_sign":3,"ancient_elements:iron_hammer":77,"minecraft:gold_ore":4,"minecraft:crafting_table":14,"minecraft:campfire":1,"minecraft:dark_oak_door":1,"minecraft:apple":1,"minecraft:iron_pickaxe":214,"minecraft:pink_petals":5,"minecraft:stone_axe":24,"minecraft:cobblestone":57,"minecraft:potion":1,"minecraft:cooked_porkchop":14,"minecraft:bucket":11,"minecraft:pumpkin_pie":1,"alexsmobs:animal_dictionary":1,"meadow:pine_log":11},"minecraft:custom":{"minecraft:interact_with_crafting_table":64,"minecraft:open_barrel":31,"minecraft:leave_game":8,"minecraft:time_since_death":5032,"minecraft:sprint_one_cm":686548,"minecraft:damage_blocked_by_shield":945,"minecraft:drop":62,"minecraft:play_noteblock":1,"minecraft:talked_to_villager":1,"minecraft:play_time":346410,"minecraft:deaths":23,"minecraft:jump":3774,"minecraft:interact_with_brewingstand":2,"minecraft:walk_on_water_one_cm":24198,"minecraft:interact_with_furnace":95,"minecraft:sleep_in_bed":15,"minecraft:damage_dealt":12465,"minecraft:crouch_one_cm":15542,"minecraft:horse_one_cm":38,"minecraft:mob_kills":73,"minecraft:damage_dealt_resisted":292,"minecraft:climb_one_cm":6186,"minecraft:walk_one_cm":621980,"minecraft:sneak_time":5855,"minecraft:walk_under_water_one_cm":38199,"minecraft:interact_with_blast_furnace":13,"minecraft:total_world_time":346410,"minecraft:tune_noteblock":5,"minecraft:time_since_rest":118,"minecraft:damage_taken":9871,"minecraft:damage_absorbed":40,"minecraft:swim_one_cm":34927,"minecraft:fly_one_cm":635566,"minecraft:open_chest":60,"minecraft:fall_one_cm":102422},"minecraft:crafted":{"minecraft:dark_oak_door":3,"minecraft:bow":1,"minecraft:iron_boots":1,"minecraft:chest":1,"sophisticatedbackpacks:backpack":1,"minecraft:emerald":27,"minecraft:cooked_porkchop":26,"vinery:grapevine_stem":4,"minecraft:crafting_table":6,"minecraft:spruce_planks":44,"farmersdelight:iron_knife":1,"minecraft:wooden_pickaxe":1,"minecraft:iron_helmet":1,"minecraft:campfire":1,"minecraft:iron_chestplate":1,"minecraft:charcoal":18,"quark:torch_arrow":11,"minecraft:shield":1,"minecraft:stick":36,"minecraft:iron_ingot":38,"minecraft:iron_pickaxe":1,"minecraft:stone_sword":1,"minecraft:gold_ingot":28,"minecraft:shears":1,"minecraft:raw_iron":18,"minecraft:stone_shovel":1,"minecraft:furnace":3,"quark:dark_oak_chest":1,"minecraft:iron_axe":1,"luminousworld:white_oak_plank":4,"minecraft:slime_ball":9,"minecraft:stone_pickaxe":1,"minecraft:dark_oak_planks":44,"sophisticatedbackpacks:iron_backpack":1,"minecraft:cooked_beef":13,"bakery:sandwich":18,"minecraft:iron_sword":1,"sophisticatedbackpacks:gold_backpack":1,"minecraft:bucket":1,"minecraft:stone_axe":1,"minecraft:air":0,"minecraft:raw_gold":18,"minecraft:wooden_axe":1,"minecraft:iron_leggings":1,"ancient_elements:iron_hammer":1,"minecraft:torch":76,"create:zinc_ingot":19},"minecraft:killed":{"born_in_chaos_v1:pumpkin_spirit":1,"minecraft:spider":6,"minecraft:skeleton":3,"undead_revamp2:therod":1,"born_in_chaos_v1:firelight_not_despawn":1,"minecraft:pig":12,"minecraft:zombie_villager":4,"undead_revamp2:thebeartamer":1,"minecraft:zombie":10,"minecraft:stray":1,"enemyexpansion:botfly":2,"born_in_chaos_v1:door_knight":2,"luminousworld:dark_oak_zombie":1,"enemyexpansion:wasp":2,"minecraft:cow":7,"enemyexpansion:direwolf":1,"born_in_chaos_v1:maggot":5,"undead_revamp2:sucker":2,"undead_revamp2:the_moonflower":3,"enemyexpansion:sprinter":1,"minecraft:wandering_trader":1,"born_in_chaos_v1:decrepit_skeleton":2,"born_in_chaos_v1:bloody_gadfly":1},"minecraft:dropped":{"minecraft:moss_block":2,"minecraft:glass_bottle":1,"minecraft:jungle_planks":1,"pizzacraft:corn":1,"minecraft:dirt":1,"gravestone:obituary":14,"rustic_engineer:book_spidermech":1,"minecraft:stone_axe":1,"alexsmobs:animal_dictionary":2,"wildberries:strawberry":1,"minecraft:rotten_flesh":9,"born_in_chaos_v1:dark_upgrade":1,"minecraft:infested_stone_bricks":5,"supplementaries:ash":1,"minecraft:wheat_seeds":3,"minecraft:cobblestone":4,"minecraft:coal":2,"minecraft:stick":23,"minecraft:diorite":4,"candlelight:tomato":2,"minecraft:string":6,"minecraft:stone_sword":1,"meadow:cobbled_limestone":1,"create:zinc_ingot":14,"minecraft:spider_eye":3,"minecraft:stone_pressure_plate":2,"minecraft:stone_bricks":3,"pizzacraft:pineapple_seeds":1,"minecraft:bow":1,"farmersdelight:ham":1,"artifacts:snowshoes":1,"minecraft:brick":6},"minecraft:broken":{"minecraft:wooden_axe":1,"minecraft:iron_helmet":1},"minecraft:killed_by":{"minecraft:drowned":3,"mowziesmobs:frostmaw":7,"minecraft:player":1,"alexsmobs:tiger":1,"undead_revamp2:thehorrors":1,"undead_revamp2:thehunter":2,"undead_revamp2:therod":2,"minecraft:skeleton":1,"enemyexpansion:wasp":1,"born_in_chaos_v1:missioner":1,"undead_revamp2:thebeartamer":1},"minecraft:picked_up":{"minecraft:iron_chestplate":1,"vinery:red_grape":4,"luminousworld:blackberry":3,"enemyexpansion:wasp_thorax":1,"rustic_engineer:book_spidermech":2,"minecraft:amethyst_block":3,"minecraft:string":10,"wildberries:raspberry":69,"minecraft:iron_leggings":1,"born_in_chaos_v1:dark_upgrade":1,"minecraft:sticky_piston":1,"ancient_elements:meteorite_block":33,"minecraft:calcite":3,"minecraft:iron_pickaxe":1,"minecraft:iron_boots":1,"minecraft:furnace":2,"minecraft:stick":52,"pizzacraft:pineapple_seeds":1,"minecraft:torch":10,"minecraft:porkchop":29,"minecraft:diorite":4,"minecraft:rotten_flesh":28,"create:veridium":1,"supplementaries:ash":1,"minecraft:obsidian":6,"vinery:apple_log":5,"minecraft:snowball":14,"minecraft:cobblestone":320,"minecraft:birch_log":26,"minecraft:pink_petals":12,"minecraft:magma_block":9,"pizzacraft:pepper_seeds":1,"minecraft:water_bucket":1,"minecraft:flint":3,"create:raw_zinc":7,"minecraft:lantern":1,"minecraft:dirt":183,"pizzacraft:cucumber_seeds":1,"minecraft:bone":12,"farmersdelight:iron_knife":1,"minecraft:bow":2,"minecraft:wheat_seeds":13,"minecraft:raw_gold":13,"pizzacraft:tomato":1,"meadow:cobbled_limestone":15,"minecraft:bamboo":10,"minecraft:moss_block":3,"minecraft:honeycomb":3,"minecraft:cooked_porkchop":1,"vinery:white_grape":1,"minecraft:jungle_planks":1,"farmersdelight:ham":2,"alexsmobs:animal_dictionary":2,"minecraft:dark_oak_log":56,"pizzacraft:onion":1,"minecraft:slime_block":1,"minecraft:spruce_sign":3,"minecraft:emerald":11,"minecraft:light_gray_carpet":3,"revampedpiles:spruce_ladder":1,"sophisticatedbackpacks:gold_backpack":1,"luminousworld:groundpebbles_1":1,"minecraft:crafting_table":8,"vinery:taiga_grapes_white":6,"gravestone:obituary":11,"minecraft:shield":1,"minecraft:brick":6,"minecraft:iron_axe":1,"wildberries:strawberry":18,"minecraft:white_carpet":13,"minecraft:iron_shovel":1,"vinery:apple_tree_sapling":4,"minecraft:beef":16,"candlelight:tomato_seeds":2,"farmersdelight:straw":1,"minecraft:observer":2,"minecraft:iron_nugget":2,"minecraft:sugar_cane":2,"meadow:alpine_salt":1,"crittersandcompanions:clam":1,"pizzacraft:corn":3,"minecraft:dark_oak_sapling":37,"minecraft:raw_iron":20,"minecraft:copper_ingot":1,"sophisticatedbackpacks:backpack":3,"minecraft:note_block":1,"ancient_elements:raw_tin":4,"luminousworld:beastiary":1,"minecraft:carrot":3,"born_in_chaos_v1:pieceofdarkmetal":1,"minecraft:stone_pressure_plate":2,"luminousworld:white_oak_sapling":1,"minecraft:arrow":5,"artifacts:snowshoes":6,"crittersandcompanions:silk":8,"minecraft:gold_ingot":2,"sophisticatedbackpacks:copper_backpack":2,"wandering_bags:wandering_bag":1,"minecraft:bamboo_stairs":1,"born_in_chaos_v1:corpse_maggot":1,"minecraft:leather":5,"ancient_elements:iron_hammer":1,"minecraft:red_mushroom":1,"wildberries:blackberry":38,"pizzacraft:broccoli_seeds":2,"minecraft:white_banner":2,"minecraft:apple":1,"minecraft:stone_bricks":4,"ancient_elements:raw_meteorite":17,"minecraft:iron_ingot":2,"meadow:pine_sapling":3,"candlelight:tomato":7,"meadow:eriophorum":1,"minecraft:gray_bed":2,"born_in_chaos_v1:tombstone_petasi":1,"bakery:strawberry":1,"minecraft:smooth_basalt":2,"minecraft:emerald_block":3,"born_in_chaos_v1:ethereal_spirit":1,"minecraft:raw_iron_block":2,"minecraft:spruce_sapling":9,"minecraft:blast_furnace":2,"minecraft:spruce_log":64,"meadow:pine_log":23,"minecraft:spider_eye":8,"wandering_bags:bucket_from_unknown":1,"luminousworld:whiteoaklog":10,"minecraft:infested_stone_bricks":5,"minecraft:stone_axe":1,"minecraft:iron_helmet":1,"minecraft:coal":146}},"DataVersion":3465}