{"stats":{"minecraft:crafted":{"minecraft:crafting_table":1,"minecraft:spruce_planks":12,"minecraft:stick":4,"minecraft:wooden_pickaxe":1,"minecraft:stone_pickaxe":1},"minecraft:custom":{"minecraft:open_barrel":1,"minecraft:time_since_rest":10748,"minecraft:open_chest":2,"minecraft:play_time":10748,"minecraft:sprint_one_cm":10593,"minecraft:damage_taken":10,"minecraft:walk_one_cm":13372,"minecraft:sneak_time":9,"minecraft:jump":55,"minecraft:time_since_death":10748,"minecraft:total_world_time":10748,"minecraft:interact_with_crafting_table":3,"minecraft:fly_one_cm":7296},"minecraft:picked_up":{"minecraft:andesite":2,"minecraft:red_tulip":1,"minecraft:spruce_log":3,"minecraft:dirt":1,"minecraft:cobblestone":8},"minecraft:mined":{"minecraft:grass_block":1,"minecraft:red_tulip":1,"minecraft:tuff":1,"minecraft:vine":1,"minecraft:cobblestone":1,"minecraft:spruce_log":3,"minecraft:stone":7,"minecraft:andesite":2},"minecraft:used":{"minecraft:dirt":1,"minecraft:cobblestone":1,"minecraft:crafting_table":1,"minecraft:stone_pickaxe":6,"minecraft:andesite":1,"alexsmobs:animal_dictionary":1,"minecraft:wooden_pickaxe":5}},"DataVersion":3465}