{"stats":{"minecraft:crafted":{"minecraft:crafting_table":1,"minecraft:spruce_planks":16,"minecraft:stick":8,"minecraft:wooden_pickaxe":1,"minecraft:stone_pickaxe":1,"minecraft:white_bed":1,"minecraft:stone_axe":1},"minecraft:custom":{"minecraft:time_since_rest":9026,"minecraft:sprint_one_cm":40222,"minecraft:damage_taken":220,"minecraft:walk_one_cm":53159,"minecraft:mob_kills":1,"minecraft:damage_dealt":100,"minecraft:interact_with_crafting_table":7,"minecraft:fly_one_cm":42998,"minecraft:open_barrel":4,"minecraft:open_chest":3,"minecraft:crouch_one_cm":107,"minecraft:play_time":22748,"minecraft:sneak_time":20,"minecraft:jump":238,"minecraft:time_since_death":22748,"minecraft:sleep_in_bed":1,"minecraft:total_world_time":22748,"minecraft:fall_one_cm":5086},"minecraft:mined":{"minecraft:tuff":1,"minecraft:white_bed":1,"luminousworld:purple_petunias":1,"vinery:dark_cherry_leaves":1,"minecraft:spruce_log":17,"minecraft:andesite":5,"minecraft:crafting_table":1,"minecraft:grass":6,"minecraft:red_tulip":1,"minecraft:grass_block":1,"minecraft:vine":1,"luminousworld:grassvariant_2":1,"minecraft:cobblestone":2,"minecraft:stone":14,"minecraft:white_wool":3},"minecraft:picked_up":{"minecraft:crafting_table":1,"vinery:rotten_cherry":3,"minecraft:andesite":5,"minecraft:porkchop":2,"luminousworld:purple_petunias":1,"minecraft:spruce_sapling":1,"minecraft:white_bed":1,"minecraft:spruce_log":17,"minecraft:dirt":1,"minecraft:white_carpet":1,"minecraft:red_tulip":1,"vinery:cherry":6,"alexsmobs:maggot":2,"minecraft:white_wool":3,"minecraft:cobblestone":16},"minecraft:killed":{"minecraft:pig":1},"minecraft:used":{"vinery:rotten_cherry":1,"minecraft:stone_pickaxe":17,"minecraft:baked_potato":1,"minecraft:wooden_pickaxe":5,"minecraft:stone_axe":21,"minecraft:dirt":1,"minecraft:cobblestone":6,"minecraft:crafting_table":2,"vinery:cherry":6,"minecraft:andesite":1,"minecraft:white_bed":1,"alexsmobs:animal_dictionary":1}},"DataVersion":3465}