{
  "takesapillage:root": {
    "criteria": {
      "always": "2024-07-03 06:37:23 +0000"
    },
    "done": true
  },
  "battletowers:root": {
    "criteria": {
      "Tick": "2024-07-03 06:37:23 +0000"
    },
    "done": true
  },
  "ancient_elements:ancient_elements": {
    "criteria": {
      "ancient_elements": "2024-07-03 06:37:23 +0000"
    },
    "done": true
  },
  "mowziesmobs:root": {
    "criteria": {
      "custom_test_name": "2024-07-03 06:37:23 +0000"
    },
    "done": true
  },
  "dungeons_arise:wda_root": {
    "criteria": {
      "WDA": "2024-07-03 06:37:23 +0000"
    },
    "done": true
  },
  "undead_revamp2:theundeadchallenges": {
    "criteria": {
      "theundeadchallenges": "2024-07-03 06:37:23 +0000"
    },
    "done": true
  },
  "meadow:main/root": {
    "criteria": {
      "seeds": "2024-07-03 06:37:23 +0000"
    },
    "done": true
  },
  "born_in_chaos_v1:bornin_chaos": {
    "criteria": {
      "bornin_chaos_0": "2024-07-03 06:37:23 +0000"
    },
    "done": true
  },
  "farmersdelight:main/root": {
    "criteria": {
      "seeds": "2024-07-03 06:37:23 +0000"
    },
    "done": true
  },
  "candlelight:main/root": {
    "criteria": {
      "seeds": "2024-07-03 06:37:23 +0000"
    },
    "done": true
  },
  "bakery:main/root": {
    "criteria": {
      "seeds": "2024-07-03 06:37:23 +0000"
    },
    "done": true
  },
  "minecraft:adventure/adventuring_time": {
    "criteria": {
      "minecraft:frozen_river": "2024-07-03 06:55:41 +0000",
      "minecraft:snowy_plains": "2024-07-03 15:24:33 +0000",
      "minecraft:snowy_taiga": "2024-07-03 06:37:24 +0000"
    },
    "done": false
  },
  "cloudstorage:cloudstorage/root": {
    "criteria": {
      "skyheight": "2024-07-03 06:37:24 +0000"
    },
    "done": true
  },
  "minecraft:husbandry/balanced_diet": {
    "criteria": {
      "apple": "2024-07-03 06:43:55 +0000",
      "bread": "2024-07-03 06:43:08 +0000",
      "cookie": "2024-07-03 15:37:54 +0000"
    },
    "done": false
  },
  "minecraft:husbandry/root": {
    "criteria": {
      "consumed_item": "2024-07-03 06:43:08 +0000"
    },
    "done": true
  },
  "supplementaries:adventure/way_sign": {
    "criteria": {
      "bastion": "2024-07-03 06:55:21 +0000"
    },
    "done": true
  },
  "ancient_elements:cover_me_with_endgame_armor": {
    "criteria": {
      "cover_me_with_endgame_armor": "2024-07-03 15:36:11 +0000"
    },
    "done": true
  },
  "minecraft:adventure/root": {
    "criteria": {
      "killed_something": "2024-07-03 15:27:35 +0000"
    },
    "done": true
  },
  "minecraft:adventure/kill_all_mobs": {
    "criteria": {
      "minecraft:skeleton": "2024-07-03 15:52:12 +0000",
      "minecraft:creeper": "2024-07-03 15:40:25 +0000",
      "minecraft:zombie": "2024-07-03 15:40:36 +0000"
    },
    "done": false
  },
  "hopo:minecraft/adventure/all_mineshaft": {
    "criteria": {
      "locate_vanilla_mineshaft": "2024-07-03 15:41:28 +0000"
    },
    "done": false
  },
  "artifacts:amateur_archaeologist": {
    "criteria": {
      "find_artifact": "2024-07-03 15:29:36 +0000"
    },
    "done": true
  },
  "minecraft:adventure/kill_a_mob": {
    "criteria": {
      "minecraft:creeper": "2024-07-03 15:40:25 +0000"
    },
    "done": true
  },
  "bakery:main/find_wild_crops": {
    "criteria": {
      "lettuce": "2024-07-03 15:26:39 +0000"
    },
    "done": true
  },
  "some_assembly_required:obtain_sandwich": {
    "criteria": {
      "obtain_sandwich": "2024-07-03 15:29:22 +0000"
    },
    "done": true
  },
  "ancient_elements:is_it_a_pickaxe": {
    "criteria": {
      "is_it_a_pickaxe": "2024-07-03 15:28:40 +0000"
    },
    "done": true
  },
  "ancient_elements:it_burns": {
    "criteria": {
      "it_burns": "2024-07-03 15:39:01 +0000"
    },
    "done": true
  },
  "ancient_elements:gettingan_upgrade_2": {
    "criteria": {
      "gettingan_upgrade_2": "2024-07-03 15:34:11 +0000"
    },
    "done": true
  },
  "dungeons_arise:find_bathhouse": {
    "criteria": {
      "location0": "2024-07-03 15:26:28 +0000"
    },
    "done": true
  },
  "ancient_elements:combustive_weapon": {
    "criteria": {
      "combustive_weapon": "2024-07-03 15:28:45 +0000"
    },
    "done": true
  },
  "minecraft:story/mine_stone": {
    "criteria": {
      "get_stone": "2024-07-03 15:39:29 +0000"
    },
    "done": true
  },
  "minecraft:story/mine_diamond": {
    "criteria": {
      "diamond": "2024-07-03 16:03:10 +0000"
    },
    "done": true
  },
  "born_in_chaos_v1:double_trouble": {
    "criteria": {
      "double_trouble_0": "2024-07-03 15:55:01 +0000"
    },
    "done": true
  },
  "undead_revamp2:parry": {
    "criteria": {
      "parry": "2024-07-03 15:51:03 +0000"
    },
    "done": true
  },
  "minecraft:story/smelt_iron": {
    "criteria": {
      "iron": "2024-07-03 15:25:36 +0000"
    },
    "done": true
  },
  "DataVersion": 3465
}