{
  "takesapillage:root": {
    "criteria": {
      "always": "2024-07-03 19:54:16 +0000"
    },
    "done": true
  },
  "battletowers:root": {
    "criteria": {
      "Tick": "2024-07-03 19:54:16 +0000"
    },
    "done": true
  },
  "ancient_elements:ancient_elements": {
    "criteria": {
      "ancient_elements": "2024-07-03 19:54:16 +0000"
    },
    "done": true
  },
  "dungeons_arise:wda_root": {
    "criteria": {
      "WDA": "2024-07-03 19:54:16 +0000"
    },
    "done": true
  },
  "undead_revamp2:theundeadchallenges": {
    "criteria": {
      "theundeadchallenges": "2024-07-03 19:54:16 +0000"
    },
    "done": true
  },
  "meadow:main/root": {
    "criteria": {
      "seeds": "2024-07-03 19:54:16 +0000"
    },
    "done": true
  },
  "farmersdelight:main/root": {
    "criteria": {
      "seeds": "2024-07-03 19:54:16 +0000"
    },
    "done": true
  },
  "create:root": {
    "criteria": {
      "0": "2024-07-03 19:54:16 +0000"
    },
    "done": true
  },
  "pizzacraft:root": {
    "criteria": {
      "tick": "2024-07-03 19:54:16 +0000"
    },
    "done": true
  },
  "bakery:main/root": {
    "criteria": {
      "seeds": "2024-07-03 19:54:16 +0000"
    },
    "done": true
  },
  "cloudstorage:cloudstorage/root": {
    "criteria": {
      "skyheight": "2024-07-03 19:54:17 +0000"
    },
    "done": true
  },
  "mowziesmobs:root": {
    "criteria": {
      "custom_test_name": "2024-07-03 19:54:16 +0000"
    },
    "done": true
  },
  "minecraft:adventure/adventuring_time": {
    "criteria": {
      "minecraft:mangrove_swamp": "2024-07-03 19:56:46 +0000",
      "minecraft:sparse_jungle": "2024-07-03 19:54:17 +0000"
    },
    "done": false
  },
  "born_in_chaos_v1:bornin_chaos": {
    "criteria": {
      "bornin_chaos_0": "2024-07-03 19:54:16 +0000"
    },
    "done": true
  },
  "candlelight:main/root": {
    "criteria": {
      "seeds": "2024-07-03 19:54:16 +0000"
    },
    "done": true
  },
  "vinery:main/root": {
    "criteria": {
      "seeds": "2024-07-03 19:54:16 +0000"
    },
    "done": true
  },
  "DataVersion": 3465
}