{
  "minecraft:adventure/adventuring_time": {
    "criteria": {
      "minecraft:old_growth_pine_taiga": "2024-07-03 03:29:33 +0000",
      "minecraft:taiga": "2024-07-03 01:03:48 +0000",
      "minecraft:sunflower_plains": "2024-07-03 03:40:32 +0000",
      "minecraft:cherry_grove": "2024-07-03 04:38:28 +0000",
      "minecraft:beach": "2024-07-03 03:28:09 +0000",
      "minecraft:dark_forest": "2024-07-03 03:32:56 +0000",
      "minecraft:river": "2024-07-03 03:33:04 +0000",
      "minecraft:snowy_taiga": "2024-07-03 01:04:06 +0000",
      "minecraft:jagged_peaks": "2024-07-03 03:37:43 +0000",
      "minecraft:cold_ocean": "2024-07-03 03:28:01 +0000",
      "minecraft:forest": "2024-07-03 04:39:19 +0000",
      "minecraft:lush_caves": "2024-07-03 01:27:05 +0000",
      "minecraft:frozen_ocean": "2024-07-03 01:17:43 +0000",
      "minecraft:ocean": "2024-07-03 03:37:13 +0000",
      "minecraft:old_growth_spruce_taiga": "2024-07-03 02:22:14 +0000",
      "minecraft:snowy_beach": "2024-07-03 01:03:53 +0000",
      "minecraft:frozen_peaks": "2024-07-03 03:36:45 +0000",
      "minecraft:plains": "2024-07-03 03:39:26 +0000"
    },
    "done": false
  },
  "minecraft:husbandry/root": {
    "criteria": {
      "consumed_item": "2024-07-03 01:26:44 +0000"
    },
    "done": true
  },
  "ancient_elements:ancient_elements": {
    "criteria": {
      "ancient_elements": "2024-07-03 02:19:37 +0000"
    },
    "done": true
  },
  "farmersdelight:main/root": {
    "criteria": {
      "seeds": "2024-07-03 02:19:37 +0000"
    },
    "done": true
  },
  "minecraft:adventure/root": {
    "criteria": {
      "killed_something": "2024-07-03 02:21:46 +0000"
    },
    "done": true
  },
  "takesapillage:root": {
    "criteria": {
      "always": "2024-07-03 03:18:53 +0000"
    },
    "done": true
  },
  "undead_revamp2:theundeadchallenges": {
    "criteria": {
      "theundeadchallenges": "2024-07-03 03:18:53 +0000"
    },
    "done": true
  },
  "minecraft:adventure/kill_all_mobs": {
    "criteria": {
      "minecraft:skeleton": "2024-07-03 04:43:28 +0000",
      "minecraft:creeper": "2024-07-03 04:40:00 +0000",
      "minecraft:zombie": "2024-07-03 03:31:26 +0000"
    },
    "done": false
  },
  "minecraft:adventure/kill_a_mob": {
    "criteria": {
      "minecraft:zombie": "2024-07-03 03:31:26 +0000"
    },
    "done": true
  },
  "ancient_elements:cosmic_discoverer": {
    "criteria": {
      "cosmic_discoverer": "2024-07-03 03:41:09 +0000"
    },
    "done": true
  },
  "ancient_elements:gettingan_upgrade_2": {
    "criteria": {
      "gettingan_upgrade_2": "2024-07-03 03:42:08 +0000"
    },
    "done": true
  },
  "ancient_elements:pickaxe_that_smelts_ores": {
    "criteria": {
      "pickaxe_that_smelts_ores": "2024-07-03 03:42:20 +0000"
    },
    "done": true
  },
  "minecraft:story/mine_stone": {
    "criteria": {
      "get_stone": "2024-07-03 03:42:51 +0000"
    },
    "done": true
  },
  "minecraft:story/iron_tools": {
    "criteria": {
      "iron_pickaxe": "2024-07-03 03:43:42 +0000"
    },
    "done": true
  },
  "minecraft:story/smelt_iron": {
    "criteria": {
      "iron": "2024-07-03 03:43:45 +0000"
    },
    "done": true
  },
  "minecraft:story/root": {
    "criteria": {
      "crafting_table": "2024-07-03 03:44:07 +0000"
    },
    "done": true
  },
  "minecraft:story/mine_diamond": {
    "criteria": {
      "diamond": "2024-07-03 03:47:04 +0000"
    },
    "done": true
  },
  "minecraft:husbandry/balanced_diet": {
    "criteria": {
      "apple": "2024-07-03 04:39:39 +0000",
      "bread": "2024-07-03 03:52:12 +0000"
    },
    "done": false
  },
  "battletowers:root": {
    "criteria": {
      "Tick": "2024-07-03 05:45:49 +0000"
    },
    "done": true
  },
  "meadow:main/root": {
    "criteria": {
      "seeds": "2024-07-03 05:45:48 +0000"
    },
    "done": true
  },
  "born_in_chaos_v1:bornin_chaos": {
    "criteria": {
      "bornin_chaos_0": "2024-07-03 05:45:49 +0000"
    },
    "done": true
  },
  "candlelight:main/root": {
    "criteria": {
      "seeds": "2024-07-03 05:45:48 +0000"
    },
    "done": true
  },
  "bakery:main/root": {
    "criteria": {
      "seeds": "2024-07-03 05:45:48 +0000"
    },
    "done": true
  },
  "cloudstorage:cloudstorage/root": {
    "criteria": {
      "skyheight": "2024-07-03 05:45:52 +0000"
    },
    "done": true
  },
  "DataVersion": 3465
}