{
  "takesapillage:root": {
    "criteria": {
      "always": "2024-07-04 03:57:16 +0000"
    },
    "done": true
  },
  "battletowers:root": {
    "criteria": {
      "Tick": "2024-07-04 03:57:16 +0000"
    },
    "done": true
  },
  "ancient_elements:ancient_elements": {
    "criteria": {
      "ancient_elements": "2024-07-04 03:57:16 +0000"
    },
    "done": true
  },
  "mowziesmobs:root": {
    "criteria": {
      "custom_test_name": "2024-07-04 03:57:16 +0000"
    },
    "done": true
  },
  "undead_revamp2:theundeadchallenges": {
    "criteria": {
      "theundeadchallenges": "2024-07-04 03:57:16 +0000"
    },
    "done": true
  },
  "meadow:main/root": {
    "criteria": {
      "seeds": "2024-07-04 03:57:16 +0000"
    },
    "done": true
  },
  "born_in_chaos_v1:bornin_chaos": {
    "criteria": {
      "bornin_chaos_0": "2024-07-04 03:57:16 +0000"
    },
    "done": true
  },
  "farmersdelight:main/root": {
    "criteria": {
      "seeds": "2024-07-04 03:57:16 +0000"
    },
    "done": true
  },
  "create:root": {
    "criteria": {
      "0": "2024-07-04 03:57:16 +0000"
    },
    "done": true
  },
  "candlelight:main/root": {
    "criteria": {
      "seeds": "2024-07-04 03:57:16 +0000"
    },
    "done": true
  },
  "pizzacraft:root": {
    "criteria": {
      "tick": "2024-07-04 03:57:16 +0000"
    },
    "done": true
  },
  "bakery:main/root": {
    "criteria": {
      "seeds": "2024-07-04 03:57:16 +0000"
    },
    "done": true
  },
  "vinery:main/root": {
    "criteria": {
      "seeds": "2024-07-04 03:57:16 +0000"
    },
    "done": true
  },
  "cloudstorage:cloudstorage/root": {
    "criteria": {
      "skyheight": "2024-07-04 03:57:17 +0000"
    },
    "done": true
  },
  "minecraft:husbandry/root": {
    "criteria": {
      "consumed_item": "2024-07-04 04:02:19 +0000"
    },
    "done": true
  },
  "alexsmobs:alexsmobs/root": {
    "criteria": {
      "useitem": "2024-07-04 04:02:19 +0000"
    },
    "done": true
  },
  "minecraft:story/root": {
    "criteria": {
      "crafting_table": "2024-07-04 04:03:05 +0000"
    },
    "done": true
  },
  "minecraft:story/mine_stone": {
    "criteria": {
      "get_stone": "2024-07-04 04:06:14 +0000"
    },
    "done": true
  },
  "minecraft:story/upgrade_tools": {
    "criteria": {
      "stone_pickaxe": "2024-07-04 04:06:37 +0000"
    },
    "done": true
  },
  "minecraft:adventure/root": {
    "criteria": {
      "killed_something": "2024-07-04 04:08:03 +0000"
    },
    "done": true
  },
  "minecraft:adventure/kill_all_mobs": {
    "criteria": {
      "minecraft:skeleton": "2024-07-04 18:58:26 +0000",
      "minecraft:spider": "2024-07-04 05:05:30 +0000",
      "minecraft:zombie": "2024-07-04 04:08:03 +0000",
      "minecraft:zombie_villager": "2024-07-04 19:02:20 +0000"
    },
    "done": false
  },
  "minecraft:adventure/kill_a_mob": {
    "criteria": {
      "minecraft:zombie": "2024-07-04 04:08:03 +0000"
    },
    "done": true
  },
  "candlelight:main/find_wild_crops": {
    "criteria": {
      "tomato": "2024-07-04 04:08:31 +0000"
    },
    "done": true
  },
  "candlelight:main/eat_tomato": {
    "criteria": {
      "tomato": "2024-07-04 04:09:13 +0000"
    },
    "done": true
  },
  "minecraft:adventure/adventuring_time": {
    "criteria": {
      "minecraft:snowy_slopes": "2024-07-04 04:20:38 +0000",
      "minecraft:old_growth_pine_taiga": "2024-07-04 18:55:43 +0000",
      "minecraft:sunflower_plains": "2024-07-04 04:55:44 +0000",
      "minecraft:cherry_grove": "2024-07-04 17:40:49 +0000",
      "minecraft:dark_forest": "2024-07-04 18:57:44 +0000",
      "minecraft:river": "2024-07-04 17:40:22 +0000",
      "minecraft:forest": "2024-07-04 17:53:21 +0000",
      "minecraft:old_growth_birch_forest": "2024-07-04 04:57:34 +0000",
      "minecraft:meadow": "2024-07-04 17:47:38 +0000",
      "minecraft:plains": "2024-07-04 04:20:14 +0000"
    },
    "done": false
  },
  "minecraft:husbandry/balanced_diet": {
    "criteria": {
      "cooked_porkchop": "2024-07-04 04:20:51 +0000",
      "cooked_beef": "2024-07-04 04:25:25 +0000"
    },
    "done": false
  },
  "artifacts:amateur_archaeologist": {
    "criteria": {
      "find_artifact": "2024-07-04 04:24:02 +0000"
    },
    "done": true
  },
  "minecraft:adventure/sleep_in_bed": {
    "criteria": {
      "slept_in_bed": "2024-07-04 04:26:09 +0000"
    },
    "done": true
  },
  "minecraft:story/smelt_iron": {
    "criteria": {
      "iron": "2024-07-04 04:27:46 +0000"
    },
    "done": true
  },
  "wildberries:berry": {
    "criteria": {
      "berry": "2024-07-04 04:54:59 +0000"
    },
    "done": true
  },
  "undead_revamp2:parry": {
    "criteria": {
      "parry": "2024-07-04 04:56:41 +0000"
    },
    "done": true
  },
  "create:copper": {
    "criteria": {
      "0": "2024-07-04 04:56:48 +0000"
    },
    "done": true
  },
  "bakery:main/get_everything": {
    "criteria": {
      "bakery:sandwich": "2024-07-04 05:04:14 +0000"
    },
    "done": false
  },
  "minecraft:husbandry/allay_deliver_item_to_player": {
    "criteria": {
      "allay_deliver_item_to_player": "2024-07-04 05:14:33 +0000"
    },
    "done": true
  },
  "bakery:main/eat_sandwich": {
    "criteria": {
      "eat_sandwich": "2024-07-04 17:19:25 +0000"
    },
    "done": true
  },
  "minecraft:story/iron_tools": {
    "criteria": {
      "iron_pickaxe": "2024-07-04 17:37:04 +0000"
    },
    "done": true
  },
  "minecraft:story/obtain_armor": {
    "criteria": {
      "iron_chestplate": "2024-07-04 17:38:21 +0000"
    },
    "done": true
  },
  "farmersdelight:main/craft_knife": {
    "criteria": {
      "iron_knife": "2024-07-04 17:38:39 +0000"
    },
    "done": true
  },
  "born_in_chaos_v1:dark_metallurgy": {
    "criteria": {
      "dark_metallurgy_0": "2024-07-04 17:41:33 +0000"
    },
    "done": true
  },
  "farmersdelight:main/place_campfire": {
    "criteria": {
      "campfire": "2024-07-04 17:43:23 +0000"
    },
    "done": true
  },
  "meadow:main/find_meadow": {
    "criteria": {
      "meadow": "2024-07-04 17:47:38 +0000"
    },
    "done": true
  },
  "meadow:main/get_salt": {
    "criteria": {
      "salt": "2024-07-04 17:52:50 +0000"
    },
    "done": true
  },
  "farmersdelight:main/get_ham": {
    "criteria": {
      "ham": "2024-07-04 17:54:30 +0000"
    },
    "done": true
  },
  "minecraft:story/deflect_arrow": {
    "criteria": {
      "deflected_projectile": "2024-07-04 19:03:09 +0000"
    },
    "done": true
  },
  "undead_revamp2:nowyouknow": {
    "criteria": {
      "nowyouknow": "2024-07-04 19:10:25 +0000"
    },
    "done": true
  },
  "DataVersion": 3465
}